file_name,tempo,spectral_contrast_1_mean,spectral_contrast_2_mean,spectral_contrast_3_mean,mfccs_4_mean,mfccs_1_std,mfccs_5_std
$ea - Flex (Official Video) Shot by IIISLANDBOY.mp3,117.454,13.957,17.663,16.884,12.936,43.169,23.598
16 Bit - In The Death Car Vocal Mix.mp3,135.999,15.446,18.889,17.857,1.246,31.29,16.701
2 Chainz - 4 AM ft. Travis Scott.mp3,151.999,15.128,18.309,19.134,7.652,47.072,19.444
"2 Chainz - Bigger Than You ft. Drake, Quavo.mp3",143.555,14.883,18.892,17.837,1.398,44.224,15.032
"2 Chainz - PROUD ft. YG, Offset.mp3",172.266,17.351,18.421,18.406,-3.53,49.167,21.314
21 Savage - All The Smoke (Official Music Video).mp3,135.999,12.904,17.826,18.492,5.185,52.42,20.367
21 Savage - Nothin New (Official Music Video).mp3,151.999,16.32,19.497,18.63,10.779,45.82,15.899
"21 Savage, Offset, Metro Boomin - Ric Flair Drip.mp3",99.384,14.855,20.68,18.316,8.283,41.522,21.575
"6ix9ine, Nicki Minaj, Murda Beatz - ‚ÄúFEFE‚Äù (Official Music Video).mp3",123.047,15.446,17.66,17.928,4.94,52.271,19.096
6LACK - Pretty Little Fears ft. J. Cole (Official Music Video).mp3,129.199,16.032,18.874,18.075,3.539,51.168,16.083
"A Great Big World, Christina Aguilera - Say Something.mp3",135.999,20.314,23.256,22.574,1.303,41.913,12.606
A$AP Ferg 'The Mattress' ft. A$AP Rocky (Official Video).mp3,117.454,14.69,17.859,16.568,5.923,28.614,13.739
Abacus ft. Cimone - Everybody's Got To Learn Sometime (I Need Your Loving).mp3,103.359,15.439,18.79,18.808,5.41,54.488,13.08
AC_DC - You Shook Me All Night Long (Official Video).mp3,129.199,14.261,16.918,18.068,8.758,31.845,13.27
Adele - Hello.mp3,151.999,15.505,17.65,18.756,7.953,38.142,11.984
Adele - Rolling In The Deep (Dimension DNB Remix).mp3,117.454,16.687,19.94,19.59,0.21,36.445,14.472
Adele - Rolling In The Deep (Jamie xx Shuffle).mp3,103.359,17.39,19.827,19.266,2.01,44.673,17.536
Adele - Rolling in the Deep.mp3,103.359,15.758,18.304,18.613,12.122,29.614,10.988
Adele - Send My Love (To Your New Lover).mp3,161.499,15.992,19.338,18.815,13.12,37.663,13.281
Adele - Someone Like You.mp3,135.999,19.655,22.658,22.371,5.776,39.314,12.682
Adele _ Hometown Glory (Neuratik Remix).mp3,135.999,17.532,21.966,24.461,13.477,34.485,14.705
Aerosmith - Dream On.mp3,143.555,16.339,18.685,18.038,-12.909,21.861,8.956
Aerosmith Walk This Way Lyrics.mp3,107.666,14.66,16.322,16.751,-3.727,24.413,8.668
afrojack - take over control ft. eva simons ( adam f remix ).mp3,143.555,15.592,17.769,16.855,13.484,32.473,10.987
Alan Walker - All Falls Down (feat. Noah Cyrus with Digital Farm Animals).mp3,129.199,15.316,18.15,18.477,-3.549,38.424,12.636
Alan Walker - Alone.mp3,95.703,15.453,18.6,18.687,3.074,36.957,12.287
Alan Walker - Darkside (feat. Au_Ra and Tomine Harket).mp3,86.133,15.895,19.585,19.05,1.368,51.155,14.709
Alan Walker - Diamond Heart (feat. Sophia Somajo).mp3,89.103,15.919,18.792,18.135,-1.015,35.716,12.282
Alan Walker ft. Gavin James - Tired.mp3,123.047,15.082,17.531,17.77,5.564,41.986,9.9
Alborosie - herbalist dubstep remix by NUMA CREW.mp3,143.555,14.85,16.274,16.608,-2.778,43.826,22.805
Alesso - REMEDY (Official Music Video).mp3,161.499,15.619,18.093,17.688,1.592,43.334,12.419
Alok & Ina Wroldsen - Favela (Official Music Video).mp3,135.999,16.485,18.698,19.603,10.98,34.553,18.161
Alok & Mathieu Koss - Big Jet Plane (Official Music Video).mp3,123.047,15.175,17.691,17.228,8.426,49.077,15.904
Alok & Selva - I Miss U (Official Lyric Video).mp3,95.703,16.7,20.497,19.066,2.114,39.684,13.2
Alok & Yves V - Innocent (feat. Gavin James) [Official Music Video].mp3,123.047,16.027,19.849,18.848,7.702,40.256,11.795
"Alok, Bruno Martini feat. Zeeba - Hear Me Now (Official Music Video).mp3",123.047,16.126,19.431,19.957,1.429,46.465,16.695
"Alok, Bruno Martini, Zeeba - Never Let Me Go (Official Music Video).mp3",123.047,14.819,17.292,18.147,1.118,41.63,15.177
"Alok, Zeeba, IRO - Ocean (Radio Edit).mp3",112.347,16.492,19.783,20.306,2.623,36.645,14.05
Amigo The Devil - cocaine and abel (Official Music Video).mp3,143.555,19.218,20.81,20.288,15.077,32.78,10.967
Anna Clendening - Invisible (Official Music Video).mp3,112.347,15.893,18.202,17.291,12.521,38.932,19.237
Anne-Marie - 2002 [Official Video].mp3,129.199,16.152,19.75,18.922,12.755,37.462,15.764
Antar Blue Band (Bob Dylan) - 'Like a Rolling Stone' World's Most Viewed Cover! COVER COVER COVER}.mp3,103.359,16.283,18.83,18.556,14.402,27.556,10.066
Arcando & VMK - These Walls ft. Tim Riehm  [Lyric Video].mp3,117.454,16.481,18.609,18.243,1.133,46.891,13.59
Ariana Grande - breathin.mp3,99.384,15.433,19.03,19.37,0.408,40.88,17.298
Ariana Grande - Dangerous Woman.mp3,135.999,15.528,18.661,19.049,-5.137,27.868,14.57
Ariana Grande - God is a woman.mp3,143.555,15.701,18.156,18.904,4.829,39.387,17.197
Ariana Grande - Into You.mp3,107.666,14.248,17.9,18.043,8.361,35.749,14.597
Ariana Grande - no tears left to cry.mp3,123.047,15.545,18.295,18.444,-2.47,35.657,18.545
Ariana Grande - One Last Time (Official).mp3,123.047,15.351,18.434,18.472,4.952,37.969,13.466
Ariana Grande - Side To Side ft. Nicki Minaj.mp3,161.499,15.168,18.19,19.047,2.225,35.205,15.533
"Ariana Grande - thank u, next (lyric video).mp3",107.666,16.661,19.413,19.677,8.01,35.389,20.476
Arizona Zervas - Zone (ft. John Wolf).mp3,135.999,15.386,17.985,19.337,0.528,54.251,17.754
Armin van Buuren - Blah Blah Blah (Official Lyric Video).mp3,135.999,14.572,16.962,16.752,3.256,39.201,13.429
Armin van Buuren feat. James Newman - Therapy (Official Music Video).mp3,117.454,15.516,18.508,17.277,10.559,29.19,12.286
Ava Max - Sweet but Psycho [Official Music Video].mp3,135.999,15.179,17.495,17.291,11.608,33.704,15.174
Avelino (feat. Stormzy & Skepta) - Energy [Official Video].mp3,123.047,14.561,15.6,15.45,12.647,38.607,12.497
Avicii - Hey Brother.mp3,123.047,15.817,19.241,18.806,0.462,38.168,9.799
Avicii - Lonely Together ft. Rita Ora.mp3,103.359,15.93,19.281,19.107,4.86,31.951,13.63
Avicii - The Nights.mp3,123.047,15.208,18.628,18.025,0.405,31.01,11.679
Avicii - Waiting For Love.mp3,129.199,16.508,20.197,20.022,-9.524,43.671,12.864
Avicii - Wake Me Up (Official Video).mp3,123.047,15.021,18.522,17.972,3.583,35.323,13.628
Avicii - Without You (Part 4) ft. Sandro Cavazza.mp3,135.999,15.714,18.52,18.234,9.798,30.08,11.348
Avril Lavigne - Head Above Water (Official Video).mp3,129.199,14.092,16.955,18.43,11.165,36.213,12.109
Axwell Œõ Ingrosso - Dreamer (Official Video) feat. Trevor Guthrie.mp3,123.047,15.514,19.58,18.704,6.582,33.557,11.878
Axwell Œõ Ingrosso - More Than You Know.mp3,123.047,15.245,19.128,17.67,12.136,34.382,11.942
Aze - Dreamdrop [Free Download].mp3,89.103,14.639,19.392,20.363,7.343,36.015,16.139
Bach - Air - Best-of Classical Music.mp3,123.047,19.387,23.557,23.572,-7.284,22.152,7.517
Bach - Badine - Best-of Classical Music.mp3,123.047,15.505,20.94,23.316,-8.255,37.138,6.77
Bach - Piano Concerto in F Minor Largo!!s - Best of Classical Music.mp3,129.199,16.517,23.155,24.246,5.368,42.211,10.687
Bach - Toccata och fuga - Best-of Classical Music.mp3,123.047,16.262,19.464,21.292,-7.2,43.645,7.755
Bachman Turner Overdrive - You Ain't Seen Nothing Yet.mp3,117.454,14.768,17.768,18.257,3.858,18.296,8.687
Bad Bunny feat. Drake - Mia ( Video Oficial ).mp3,129.199,14.667,19.507,19.316,15.583,35.511,13.592
Bankroll Fresh 'M.O.B.' (WSHH Exclusive - Official Music Video).mp3,151.999,15.074,17.371,17.831,9.904,39.623,12.37
Barely Alive - Warrior (ft. Mad Hed City).mp3,86.133,13.19,15.529,14.918,1.217,42.289,13.922
bassnectar - bass head.mp3,172.266,12.682,14.938,15.331,12.678,42.88,15.559
bassnectar - cozza frenzy ( mega bass remix ).mp3,135.999,12.267,14.523,14.502,10.469,24.28,11.113
Bassnectar - Magical World feat. Nelly Furtado (Official).mp3,135.999,14.902,18.388,16.487,2.2,41.105,20.979
bassnectar - underwater ft. tina malia.mp3,135.999,14.167,17.968,18.494,-20.614,37.302,26.156
Bastien - Stay With Me (Official Video).mp3,135.999,16.115,18.354,17.743,-4.709,36.569,10.511
Bazzi feat. Camila Cabello - Beautiful (Official Video).mp3,99.384,16.171,19.812,20.159,-8.104,33.642,13.479
Bebe Rexha - I'm A Mess (Official Music Video).mp3,95.703,16.035,19.45,19.041,11.19,31.53,12.617
Beethoven -  Violin romance no 2 - Best-of Classical Music.mp3,123.047,19.067,23.508,25.216,-14.702,36.478,9.063
Beethoven - First movement from symphony nr5 - Best-of Classical Music.mp3,103.359,16.233,20.407,20.532,-2.485,32.969,10.461
Beethoven - Fur Elise - Best-of Classical Music.mp3,135.999,16.476,25.467,24.939,0.481,43.456,9.943
Beethoven - Piano konsert nr 5 Allegro - Best-of Classical Music.mp3,117.454,16.377,21.026,23.079,-1.763,36.832,9.455
Belly - Re Up ft. NAV.mp3,103.359,16.395,21.189,19.918,9.082,51.282,16.738
benny benassi - cinema ( skrillex remix ).mp3,143.555,13.621,16.325,17.306,-1.353,23.38,13.032
benny blanco & Calvin Harris - I Found You (Official Music Video).mp3,123.047,15.466,17.367,17.064,-1.383,41.653,14.093
"benny blanco, Halsey & Khalid ‚Äì Eastside (official video).mp3",117.454,17.386,20.692,19.164,8.151,40.974,16.902
Bensley - Do It Again (ft. Armanni Reign).mp3,117.454,13.445,15.637,15.915,1.387,33.694,14.797
Bert H & Edlan - Intercept.mp3,117.454,15.918,18.395,17.252,6.611,44.297,11.526
Beyonc√© - Halo.mp3,107.666,14.928,18.829,19.877,3.289,30.164,14.094
Big L.C.T. - Trendsetter.mp3,143.555,14.971,18.755,18.31,2.338,39.034,16.611
Big Sean - Halfway Off The Balcony.mp3,123.047,16.132,18.275,18.596,13.067,51.887,14.106
Big Sean - Jump Out The Window.mp3,135.999,14.579,17.974,17.1,10.751,40.276,18.358
Big Sean - Light ft. Jeremih.mp3,117.454,16.766,20.833,19.739,-1.178,45.093,15.583
Big Sean - Sacrifices ft. Migos.mp3,143.555,15.153,19.379,18.55,0.313,45.402,21.25
"Bill Medley, Jennifer Warnes - (I've Had) The Time Of My Life.mp3",107.666,14.632,18.215,18.567,0.075,40.932,10.652
Billie Eilish - when the party's over.mp3,129.199,17.968,21.636,19.857,8.046,45.122,12.79
Birdman & Young Thug 'Bit Bak' (Rich Gang) (WSHH Exclusive - Official Music Video).mp3,143.555,14.926,18.385,18.507,2.396,38.393,19.233
Bizet - Prelude to Act 1 Of Carmen - Best-of Classical Music.mp3,129.199,14.434,17.626,19.316,-7.214,36.825,10.85
Bizet - Votre Toast ( Toreador Song From Carmen) - Best-of Classical Music.mp3,117.454,15.614,19.055,19.612,6.742,39.822,18.122
Black Chow - Wonderland.mp3,161.499,16.046,19.337,18.712,8.744,41.008,15.515
Black Sun Empire & State Of Mind - Caterpillar (Drumsound & Bassline Smith Remix).mp3,117.454,14.046,15.771,15.246,10.472,29.187,11.529
Blackmill - City Lights (Full Version).mp3,143.555,16.639,19.583,18.293,1.255,27.821,13.508
Blackmill - Evil Beauty.mp3,69.837,15.674,21.191,22.043,-8.237,44.704,14.221
Blackmill - Flesh and bones (Full Version).mp3,143.555,16.251,20.739,18.987,-6.878,27.924,17.367
Blackmill - Journey's End.mp3,143.555,14.411,18.438,19.641,-9.841,35.231,10.988
Blackmill - Miracle (Full Version).mp3,92.285,15.278,19.547,18.646,-10.38,39.627,11.212
Blackmill - Rain.mp3,129.199,17.257,21.362,21.889,-7.57,36.871,11.517
Blackmill - Relentless (Full Version).mp3,135.999,15.735,19.719,18.104,3.41,31.689,8.858
BlocBoy JB & Drake 'Look Alive' Prod By - Tay Keith (Official Music Video) Shot By - @Fredrivk_Ali.mp3,143.555,15.31,18.299,17.909,8.009,48.107,15.826
Blynk - In The City _Exclusive Full Version.mp3,135.999,18.23,20.228,19.569,8.534,42.668,13.642
Bob Sinclar feat. Akon - Til The Sun Rise Up (Official Music Video).mp3,129.199,15.429,19.113,17.749,2.813,25.009,11.645
Bobby McFerrin - Don't Worry Be Happy.mp3,135.999,16.396,21.058,19.885,-2.514,22.833,17.295
Boccherini - Minuet - Best-of Classical Music.mp3,123.047,17.546,23.571,25.12,0.667,34.051,9.394
Bon Jovi - Livin' On A Prayer.mp3,123.047,13.7,17.425,17.899,-3.101,25.605,8.812
Boney M - Rasputin.mp3,123.047,14.28,16.623,16.839,-1.444,31.783,11.227
BONEZ MC & RAF CAMORA - RISIKO  (prod. by X-Plosive & The Cratez ).mp3,117.454,14.452,19.087,18.712,5.77,44.919,10.86
Booka Shade - At The Window (Altimeter's High Altitude Mix).mp3,92.285,16.275,19.466,20.029,2.056,42.121,10.103
Booka Shade - Line Of Fire (DANCE CULT Remix).mp3,123.047,17.173,19.463,17.682,0.58,44.509,16.293
Boston - More Than A Feeling-SSR6ZzjDZ94.mp3,107.666,16.376,19.599,20.207,2.762,23.885,9.953
Boston - More Than A Feeling.mp3,107.666,16.476,19.685,20.333,2.818,23.44,9.824
Boys Are Back In Town Thin Lizzy.mp3,161.499,14.651,17.437,17.248,-0.921,27.099,7.919
Brahms - Hungarian Dances - Best-of Classical Music.mp3,143.555,15.958,19.83,21.492,-3.347,35.755,8.291
Brandi Carlile - Party Of One feat. Sam Smith (Official Video).mp3,143.555,17.603,21.038,20.19,5.068,40.828,11.476
Bright Eyes - No One Would Riot For Less (Clueless Dubstep Remix).mp3,69.837,18.373,18.562,18.077,24.643,44.893,11.357
britney spears - hold it against me ( jacob plant remix ).mp3,135.999,14.162,16.494,16.542,5.922,28.973,11.069
Britney Spears - Toxic (Official Video).mp3,143.555,13.771,16.819,16.971,2.734,41.921,14.161
Brookes Brothers - Every Minute.mp3,117.454,15.201,18.241,17.677,12.822,26.745,9.667
Bruno Mars - 24K Magic [Official Video].mp3,107.666,14.2,17.713,17.854,0.401,32.149,12.433
Bruno Mars - Grenade [OFFICIAL VIDEO].mp3,112.347,15.417,19.187,19.411,6.402,39.916,13.335
Bruno Mars - Just The Way You Are [OFFICIAL VIDEO].mp3,107.666,14.954,19.773,19.64,-5.685,34.301,11.915
Bruno Mars - That‚Äôs What I Like [Official Video].mp3,135.999,15.449,18.53,18.23,3.795,37.249,14.248
Bruno Mars - The Lazy Song [OFFICIAL VIDEO].mp3,172.266,16.306,19.249,19.57,-0.436,35.762,14.864
Bruno Mars - Treasure [Official Music Video].mp3,117.454,13.648,17.69,17.663,2.943,46.581,11.99
Bruno Mars - When I Was Your Man [Official Video].mp3,143.555,18.154,21.109,20.731,1.12,43.925,12.094
Bryson Tiller - Self-Made (Official Video).mp3,143.555,14.88,18.534,18.287,12.485,55.463,15.865
Bryson Tiller - Somethin Tells Me (Official Video).mp3,123.047,15.993,19.717,17.103,16.619,48.262,17.698
Buffalo Springfield - For What Its Worth (good sound quality!).mp3,99.384,16.2,19.109,18.951,10.139,40.306,11.903
b√ºlow - Two Punks In Love (Vertical Video).mp3,95.703,18.423,21.54,19.34,6.259,40.456,13.113
Calicoleaf - Cloud Keeper.mp3,92.285,14.717,16.199,16.666,10.009,34.974,15.594
Calum Scott - Dancing On My Own.mp3,112.347,18.851,21.939,23.25,-1.576,55.036,11.975
Calum Scott - You Are The Reason (Official).mp3,161.499,19.242,23.8,21.222,2.573,48.943,9.93
Calvin Harris & Disciples - How Deep Is Your Love.mp3,123.047,14.337,17.555,16.932,5.442,38.906,12.696
calvin harris - feel so close (nero remix).mp3,135.999,14.19,16.995,16.535,8.715,22.884,7.969
Calvin Harris - My Way (Official Video).mp3,117.454,15.975,18.623,17.621,5.291,39.264,10.968
"Calvin Harris, Dua Lipa - One Kiss (Official Video).mp3",123.047,15.404,18.258,17.989,7.911,47.53,14.301
"Calvin Harris, Sam Smith - Promises (Official Video).mp3",123.047,16.005,18.93,17.825,3.107,36.873,12.712
Calyx & TeeBee - Caution (ft. Ben Verse).mp3,86.133,13.758,14.835,14.865,4.247,43.587,13.712
Camila Cabello - Havana (Vertical Video) ft. Young Thug.mp3,103.359,16.724,19.574,19.353,-3.3,41.988,14.252
Camo & Krooked - Black or White (ft. Tasha Baxter) (Signal Remix).mp3,117.454,14.213,16.914,16.401,-3.992,35.316,12.027
Capital Bra feat. Juju - Melodien (prod. The Cratez).mp3,135.999,16.87,18.532,18.091,10.323,44.028,16.118
CAPITAL BRA feat. XATAR & SAMY - Ich liebe es.mp3,135.999,17.308,20.091,19.281,8.215,41.264,18.249
Cardi B - Bartier Cardi (feat. 21 Savage) [Official Audio].mp3,135.999,14.744,17.616,17.577,9.279,39.389,19.732
Cardi B - Bartier Cardi (feat. 21 Savage) [Official Video].mp3,135.999,14.676,17.595,17.549,9.42,39.358,19.495
Cardi B - Be Careful [Official Video].mp3,151.999,16.988,19.365,17.622,10.974,51.171,20.392
Cardi B - Bodak Yellow [OFFICIAL MUSIC VIDEO].mp3,123.047,17.684,19.765,17.969,2.016,36.709,20.497
"Cardi B, Bad Bunny & J Balvin - I Like It [Official Music Video].mp3",135.999,15.58,18.615,18.59,-4.54,37.131,17.952
Carlos Santana - Black Magic Woman  (with lyrics).mp3,123.047,15.498,19.083,19.136,-0.281,29.366,10.437
Carly Rae Jepsen - Call Me Maybe.mp3,117.454,16.206,19.06,18.24,5.167,38.902,14.563
"Cashmere Cat, Major Lazer, Tory Lanez - Miss You (Official Music Video).mp3",135.999,15.202,18.865,17.44,9.111,42.352,13.78
Chance the Rapper - Same Drugs (Official Video).mp3,92.285,17.531,21.147,20.911,-7.715,40.29,14.497
Charlie Puth - One Call Away [Official Video].mp3,92.285,16.058,19.403,18.907,-1.228,46.686,13.187
Charlie Puth - We Don't Talk Anymore (feat. Selena Gomez) [Official Video].mp3,99.384,16.332,19.251,19.133,10.135,34.681,13.817
chase and status - let you go ( nero remix ).mp3,135.999,12.675,16.726,16.332,11.611,29.519,10.07
Cheat Codes - No Promises ft. Demi Lovato [Official Video].mp3,112.347,15.442,19.637,18.645,1.967,41.492,16.276
"Cheat Codes, Little Mix - Only You (Official Video).mp3",107.666,16.333,20.396,19.686,8.169,34.659,14.337
Chief Keef 'Kills' (WSHH Exclusive - Official Music Video).mp3,99.384,14.47,17.636,18.581,0.629,35.858,11.747
Childish Gambino - This Is America (Official Video).mp3,117.454,13.919,17.166,17.195,3.117,43.13,15.086
Chord Overstreet - Hold On (Lyric Video).mp3,123.047,17.773,20.932,19.498,7.16,50.213,12.854
"Chris Brown - High End (Official Music Video) ft. Future, Young Thug.mp3",151.999,13.801,18.739,19.479,16.877,55.477,15.222
chrispy - roll out.mp3,143.555,15.91,18.209,18.921,-10.656,38.758,18.989
chrispy ft. twin fx - she like that.mp3,143.555,14.31,16.453,16.298,2.964,30.784,11.243
Christina Perri - A Thousand Years [Official Music Video].mp3,135.999,17.51,20.634,21.151,5.589,31.587,10.719
Cillo - Breathe (Chilled Dubstep).mp3,129.199,17.397,21.435,20.056,10.543,61.688,13.336
Cillo - Falling Back.mp3,123.047,16.817,21.658,19.301,17.279,37.862,9.103
Clean Bandit - I Miss You feat. Julia Michaels [Official Video].mp3,103.359,16.829,19.541,18.66,9.459,38.122,16.064
Clean Bandit - Rockabye ft. Sean Paul & Anne-Marie [Official Video].mp3,135.999,15.359,19.262,20.024,1.914,34.154,17.7
Clean Bandit - Solo feat. Demi Lovato [Official Video].mp3,103.359,16.047,19.65,19.606,-6.757,36.732,17.914
Clean Bandit - Symphony feat. Zara Larsson [Official Video].mp3,123.047,16.882,21.07,22.081,-6.653,39.925,20.79
Closer To The Heart - Rush.mp3,143.555,14.915,18.513,19.501,-6.468,28.407,10.668
Coldplay - Clocks (Official Video).mp3,129.199,15.619,20.372,20.651,-1.223,41.07,12.069
Coldplay - Hymn For The Weekend (Official Video).mp3,89.103,15.848,19.743,19.127,-12.738,33.916,14.322
Coldplay - Trouble (Blackmill chillstep remix).mp3,92.285,17.126,20.05,19.514,-12.45,47.381,16.622
Coleco - Texture (melodic dubstep).mp3,135.999,12.774,15.94,14.785,9.442,47.244,8.446
Creedence Clearwater Revival - Bad Moon Rising-5BmEGm-mraE.mp3,89.103,13.778,17.829,17.714,8.983,26.76,8.304
Creedence Clearwater Revival - Bad Moon Rising.mp3,89.103,13.855,17.82,17.756,8.869,26.967,8.182
Creedence Clearwater Revival - Fortunate Son - Music Video-JBfjU3_XOaA.mp3,129.199,13.0,16.129,16.867,2.349,33.951,9.82
Creedence Clearwater Revival - Fortunate Son - Music Video.mp3,129.199,13.084,16.228,16.967,2.407,34.155,9.721
Creedence Clearwater Revival - Have You Ever Seen The Rain (Lyric Video).mp3,117.454,17.51,19.094,19.515,9.666,28.539,9.296
Creedence Clearwater Revival - Have you ever seen the rain-TS9_ipu9GKw.mp3,117.454,16.822,18.329,18.402,9.409,28.469,9.499
Creedence Clearwater Revival - Have you ever seen the rain.mp3,117.454,16.897,18.416,18.498,9.267,28.181,9.423
Creedence Clearwater Revival - The Midnight Special.mp3,123.047,15.936,19.38,19.134,5.415,41.489,15.466
Culture Shock - There For You.mp3,117.454,15.744,17.528,16.896,-3.91,35.933,10.988
Cyantific - Bloodline (ft. Raphaella).mp3,117.454,13.729,17.607,17.604,1.856,34.943,13.168
Cypriot Vibez & TdotR - Cloud 9 (Chillout Ambient Peaceful Dubstep).mp3,135.999,17.367,21.172,24.149,-0.506,51.928,14.782
dada life - happy violence.mp3,129.199,16.025,19.431,19.166,11.965,36.163,9.943
Daft Punk - Get Lucky (Full Video).mp3,117.454,14.8,18.775,17.837,15.315,29.935,11.579
Dan Caplen - Trouble (Calyx & TeeBee Remix).mp3,117.454,14.851,17.147,15.561,7.404,38.749,13.899
Daniel Powter - Bad Day (Official Music Video).mp3,135.999,16.367,20.742,20.709,-0.148,28.877,10.679
DARDAN - FACETIME prod. Menju.mp3,135.999,15.895,18.676,18.256,10.122,39.166,13.431
Dave East - Paper Chasin ft. A$AP Ferg.mp3,135.999,13.955,18.095,17.066,7.057,42.773,14.834
david bowie - changes.mp3,112.347,16.346,20.208,19.614,-5.468,32.77,13.061
David Bowie - Suffragette city.mp3,143.555,15.246,17.941,17.236,4.687,19.684,7.552
David Guetta & Afrojack ft Charli XCX & French Montana - Dirty Sexy Money (Official Video).mp3,161.499,14.496,18.011,18.218,0.587,40.379,14.134
David Guetta feat Anne-Marie - Don't Leave Me Alone (Official Video).mp3,129.199,16.395,19.743,19.228,6.303,39.062,15.375
David Guetta feat Nicki Minaj & Lil Wayne - Light My Body Up (Lyric Video).mp3,143.555,15.289,18.23,18.113,8.341,33.537,21.549
David Guetta ft Justin Bieber - 2U (The Victoria‚Äôs Secret Angels Lip Sync).mp3,143.555,16.257,20.361,19.39,11.317,43.95,16.318
"David Guetta, Bebe Rexha & J Balvin - Say My Name (Official Video).mp3",129.199,15.97,19.711,17.789,7.255,33.887,17.03
"David Guetta, Cedric Gervais & Chris Willis - Would I Lie To You (Lyric Video).mp3",123.047,13.374,17.031,16.944,-0.2,41.625,12.019
deadmau5 - i remember ( caspa remix ).mp3,92.285,16.279,17.31,17.113,-2.97,25.118,16.07
Dean Lewis - Be Alright (Official Video).mp3,129.199,17.107,20.888,19.182,8.91,41.116,12.656
DeathbyRomy - No More (OFFICIAL MUSIC VIDEO).mp3,107.666,15.722,18.179,17.07,8.564,46.994,21.292
Deep Purple - Smoke on the Water.mp3,117.454,14.231,17.393,17.183,7.116,26.846,8.719
Deepend & Joe Killington - Could Be Love (Official Music Video).mp3,123.047,15.565,18.405,17.871,10.853,34.095,12.486
Deepend - Only Love (Official Lyric Video).mp3,107.666,15.714,19.352,18.926,-7.972,38.106,13.026
Def Leppard - Pour Some Sugar On Me (lyrics).mp3,86.133,13.417,16.281,15.859,-3.315,21.261,11.145
Delta Heavy - I Need You [Monstercat Release].mp3,117.454,13.883,16.403,16.057,2.488,38.726,10.687
Desiigner - Liife (Audio) ft. Gucci Mane.mp3,151.999,16.916,19.781,20.154,7.384,43.557,20.647
Desiigner- Outlet (Official Music Video).mp3,123.047,15.64,18.672,19.531,0.187,35.726,22.232
Dilan Jay - Kick Back (Official Music Video).mp3,151.999,16.523,20.622,19.703,9.303,34.264,11.138
Dillon Francis - White Boi (Ft. Lao Ra) (Official Music Video).mp3,129.199,17.015,19.368,20.135,6.485,36.451,19.574
Dimension & Skankandbass - Smash [Free Download] _FULL.mp3,117.454,14.287,17.055,17.251,-8.252,49.292,14.242
Dimension - Techno.mp3,117.454,13.574,14.973,14.76,-0.707,35.038,14.408
Dimension - Whip Slap II.mp3,172.266,13.965,15.429,14.245,1.93,30.861,12.196
Dimitri Vegas & Like Mike vs David Guetta feat. Kiiara - Complicated (Official Music Video).mp3,89.103,16.132,18.955,18.054,2.172,39.178,12.83
Diplo - Get It Right (feat. M√ò) (Official Music Video).mp3,161.499,15.542,18.459,18.437,4.448,46.282,12.972
Dirty Vegas - Days Go By (MiMoSa Remix).mp3,92.285,16.463,18.292,17.127,10.727,33.42,17.408
Dirtyphonics - Scorpion.mp3,117.454,14.007,14.995,15.04,9.704,34.282,9.804
Disturbed - A Reason To Fight [Official Music Video].mp3,151.999,16.605,20.139,19.026,14.655,28.737,9.422
dj fresh   louder doctor p & flux pavillion remix.mp3,143.555,15.214,18.005,17.917,-27.943,22.97,16.827
dj fresh - gold dust ( flux pavilion remix ).mp3,143.555,14.395,16.151,16.542,-7.421,27.771,18.36
"DJ Khaled - I'm The One ft. Justin Bieber, Quavo, Chance the Rapper, Lil Wayne.mp3",107.666,17.144,20.758,19.382,0.598,44.071,15.069
"DJ Khaled - No Brainer (Official Video) ft. Justin Bieber, Chance the Rapper, Quavo.mp3",135.999,16.138,20.209,19.723,4.947,45.069,16.185
"DJ Khaled - On Everything ft. Travis Scott, Rick Ross, Big Sean.mp3",112.347,14.066,17.389,17.54,3.155,33.075,12.78
DJ Snake - Let Me Love You ft. Justin Bieber.mp3,135.999,15.95,18.666,18.734,14.183,33.931,14.761
"DJ Snake - Taki Taki ft. Selena Gomez, Ozuna, Cardi B.mp3",129.199,16.26,20.119,19.462,-3.069,37.687,22.724
"DJ Snake, Lauv - A Different Way.mp3",103.359,15.464,19.088,17.952,8.595,54.368,13.108
Dominator & Turno - Bomb Squad (A.M.C VIP).mp3,172.266,13.893,14.566,15.019,-1.098,30.038,12.738
Don Diablo - Anthem (We Love House Music) Official Music Video.mp3,123.047,14.786,17.763,17.143,4.943,36.599,9.68
Don't Fear the Reaper- Blue Oyster Cult.mp3,143.555,16.883,20.119,20.641,5.52,35.001,12.363
Drake - I'm Upset.mp3,151.999,13.926,18.086,16.683,-1.927,42.632,17.209
Drake - Nice For What.mp3,123.047,16.13,18.142,19.026,-22.467,32.255,21.892
drifta ft. emily grace - rearranged.mp3,117.454,14.961,17.795,17.34,-0.711,47.566,16.174
Drumsound & Bassline Smith vs. Teddy Killerz - Metal & Blood.mp3,86.133,14.112,15.297,14.689,4.591,29.441,10.474
DRUNK009 Bass Transmitter.mp3,92.285,14.531,19.42,20.128,11.793,46.386,12.164
Dua Lipa - Be The One (Official Music Video).mp3,117.454,15.907,19.294,18.682,7.166,38.923,13.662
Dua Lipa - IDGAF (Official Music Video).mp3,95.703,15.356,18.358,18.259,8.101,37.136,18.43
Dub FX 23_07_09 'Rude Boy'.mp3,95.703,14.372,16.986,16.728,8.749,38.175,13.154
DUBSTEP - Rag Doll (Shorterz & Enigma Chill Step Mix).mp3,135.999,17.359,18.555,18.949,11.431,36.079,12.039
"Dynoro, Gigi D'Agostino - In My Mind (Official Audio).mp3",123.047,16.743,18.722,18.325,2.261,39.893,12.737
Eagles  Heartache Tonight -HD.mp3,112.347,14.196,18.867,19.323,7.003,38.362,13.15
Eagles - Take It Easy -HD.mp3,135.999,15.337,19.097,19.682,5.696,25.83,11.45
Eagles Life In The Fast Lane -HD.mp3,112.347,14.317,18.292,19.352,5.496,31.066,13.868
Ed Sheeran - Happier (Official Video).mp3,89.103,16.122,19.78,18.569,12.11,38.147,11.671
Ed Sheeran - Perfect (Official Music Video).mp3,95.703,17.671,20.345,20.028,4.778,36.431,10.893
Ed Sheeran - Photograph (Official Music Video).mp3,107.666,16.882,18.769,17.611,18.152,41.53,11.456
Ed Sheeran - Shape of You [Official Video].mp3,129.199,16.79,19.253,16.361,6.643,39.845,11.383
Ed Sheeran - The A Team (Koan Sound Remix) [Official].mp3,99.384,16.071,19.277,18.758,16.11,39.125,9.306
Ed Sheeran - Thinking Out Loud [Official Video].mp3,161.499,16.871,20.962,19.749,12.147,41.792,10.931
Edlan - Whatever You Said.mp3,86.133,15.653,20.817,19.742,3.905,38.169,14.632
Ekali - Leaving (feat. Yuna) [Lyric Video].mp3,95.703,16.867,20.48,20.138,-0.714,37.15,14.071
Elgar - March Pomp and Circumstance No 1 - Best-of Classical Music.mp3,117.454,15.006,18.798,20.975,-11.545,31.97,8.111
Ellie Goulding - Burn.mp3,117.454,15.452,18.964,19.78,1.644,42.088,12.141
ellie goulding - lights ( bassnectar remix ).mp3,135.999,14.947,16.667,19.45,3.995,38.718,15.107
Ellie Goulding - Love Me Like You Do (Official Video).mp3,95.703,14.959,18.823,19.836,0.222,34.115,14.303
ellie goulding - starry eyed ( jakwob remix ).mp3,151.999,14.883,17.675,17.784,8.907,38.273,10.094
ellie goulding - the writer ( tc4 dubstep remix ).mp3,135.999,15.003,18.403,19.711,4.861,34.339,14.75
"Ellie Goulding, Diplo, Swae Lee - Close To Me (Official Video).mp3",143.555,15.616,18.826,19.213,4.865,42.565,17.533
Elton John - Rocket Man.mp3,135.999,16.694,19.694,19.769,4.604,32.155,10.769
Eminem - Fall.mp3,92.285,15.595,18.549,17.957,6.025,40.368,15.634
Eminem - Framed.mp3,143.555,14.588,17.529,17.454,2.165,35.588,16.105
Eminem - Lucky You ft. Joyner Lucas.mp3,151.999,13.774,16.647,16.257,5.955,41.233,18.698
Eminem - Venom.mp3,135.999,14.223,16.296,15.774,10.653,35.216,11.654
Eminem - Walk On Water (Official Video).mp3,123.047,16.786,20.198,19.948,3.757,45.352,15.586
Emperor - Bloodsport (ft. Mantmast).mp3,172.266,15.046,15.491,16.237,3.754,47.154,14.35
Era Istrefi - Redrum feat. Felix Snow (Official Video).mp3,143.555,16.439,19.238,19.824,-2.395,41.582,14.494
Eric Clapton Layla Original.mp3,117.454,14.913,18.835,18.84,-3.286,31.884,8.871
Erika Jayne - XXPEN$IVE (Official Video).mp3,135.999,13.931,16.682,17.082,0.647,33.784,15.752
excision & downlink - crowd control.mp3,151.999,13.542,15.284,15.677,3.688,27.095,11.963
Excision - That Girl.mp3,143.555,16.29,19.68,20.641,-9.493,44.912,28.497
Famous Dex & MadeinTYO - With Yo B!tch (Remix) (Dir. by @_ColeBennett_).mp3,103.359,16.761,18.992,18.368,4.355,39.453,16.453
Famous Dex - Pick It Up feat. A$AP Rocky [Official Video].mp3,135.999,14.77,18.28,17.738,16.721,44.981,23.339
"Farruko, Nicki Minaj, Bad Bunny - Krippy Kush (Remix) ft. Travis Scott, Rvssian.mp3",161.499,14.678,18.963,18.326,8.439,36.746,16.526
"Fatboy Slim - Right Here, Right Now (Friction & Killer Hertz Remix).mp3",117.454,16.368,16.534,15.523,2.141,44.978,13.301
FC Kahuna   Hayling  Midian Remix.mp3,143.555,15.449,19.004,20.006,5.364,43.217,12.385
Fearful - Mouse (Jammo Remix) [Free Download].mp3,117.454,16.028,19.937,18.317,3.996,49.642,15.952
Feint - Outbreak (feat. MYLK) [Monstercat Release].mp3,117.454,15.655,18.641,18.396,3.12,44.287,9.665
Fergie - Big Girls Don't Cry (Personal).mp3,112.347,17.092,19.471,19.893,5.819,35.665,11.984
Fever Ray - I'm Not Done (R_D REMIX).mp3,129.199,15.329,17.939,16.88,7.506,30.645,10.864
Fever Ray - When I Grow Up (Scuba High Up Mix) Full Version.mp3,135.999,13.24,16.151,16.624,5.692,49.568,17.346
Fifth Harmony - Work from Home ft. Ty Dolla $ign.mp3,103.359,16.285,18.226,18.009,2.085,37.156,18.823
Fifth Harmony - Worth It ft. Kid Ink.mp3,99.384,16.12,18.981,18.54,2.255,36.45,17.83
Fleetwood Mac - Go Your Own Way (HQ).mp3,135.999,14.4,17.667,18.136,-0.299,23.804,9.392
flight facilites - crave you ( adventure club dubstep ).mp3,143.555,16.227,19.709,19.433,6.552,41.25,14.292
Florence & The Machine - Rabbit Heart (SLOF MAN & ELKAT dubstep remix).mp3,143.555,16.069,17.837,18.178,18.612,44.327,10.887
Flowidus - Don't Walk Away (ft. Edde).mp3,117.454,15.23,17.825,17.451,6.42,50.36,8.585
flux pavillion - got 2 know.mp3,143.555,13.682,15.647,17.671,3.0,30.127,13.179
Flux Pavillion - Voscillate (Kessien Remix) [HD].mp3,143.555,16.124,19.533,19.388,1.644,34.244,16.205
Foreign Concept - Kilmersdon.mp3,86.133,13.305,15.337,16.264,-4.363,44.465,15.326
Foreigner-Feels Like The First Time.mp3,107.666,14.993,17.769,18.986,2.156,23.883,9.957
Fox Stevenson - Bruises.mp3,117.454,13.618,16.62,16.831,-0.18,42.132,10.519
Fox Stevenson - Glue Gun.mp3,112.347,15.009,17.4,17.198,-6.138,49.513,12.745
foxes - youth ( adventure club dubstep ).mp3,135.999,15.715,19.204,19.507,-1.999,32.53,14.827
Freedom - Spliff (Dub Reggae).mp3,129.199,16.318,18.713,20.525,13.269,61.929,15.41
freestylers - cracks ( flux pavillion remix ).mp3,143.555,13.725,17.618,17.452,1.424,40.414,12.959
French Montana & ASAP Rocky 'Said N Done' (WSHH Exclusive - Official Music Video).mp3,89.103,15.336,19.827,18.637,0.283,30.936,15.115
French Montana 'Hold Up' Feat. Chris Brown & Migos (WSHH Exclusive - Official Music Video).mp3,112.347,14.909,18.41,17.382,0.472,33.704,11.905
"French Montana - A Lie ft. The Weeknd, Max B.mp3",123.047,17.014,20.036,19.433,3.394,44.836,14.768
French Montana - Unforgettable ft. Swae Lee.mp3,129.199,14.192,17.144,17.04,9.571,42.061,12.385
"French Montana Feat. Swae Lee 'Unforgettable' Dance Video (Uganda, Africa).mp3",129.199,14.353,17.848,17.869,8.325,43.102,12.93
Friction & JP Cooper - Dancing (Dawn Wall Remix).mp3,117.454,15.322,17.318,17.162,9.099,45.381,13.151
Friction & JP Cooper - Dancing.mp3,117.454,15.223,17.418,16.905,2.988,24.661,10.489
Friction - Commotion (ft. Jem Cooke).mp3,117.454,16.057,18.953,18.063,6.723,40.26,14.471
ft. Preme & Post Malone ‚Äì Jackie Chan (Official Music Video).mp3,129.199,15.743,19.147,18.107,8.146,33.868,14.893
Fugees - Ready Or Not (Cillo Dubstep Remix).mp3,112.347,17.961,19.025,18.858,11.263,52.789,11.649
Fun. - We Are Young ft. Janelle Mon√°e [OFFICIAL VIDEO].mp3,92.285,14.525,17.394,18.042,5.656,29.739,14.924
Future - Draco (Official Music Video).mp3,129.199,14.761,18.41,17.961,3.91,36.53,17.15
Future - Extra Luv (Official Music Video) ft. YG.mp3,99.384,16.292,19.568,17.668,14.278,44.282,15.846
Future - Mask Off (Official Music Video).mp3,151.999,14.021,18.439,17.485,21.602,43.198,12.765
Future - Mask Off (Remix) (Official Audio) ft. Kendrick Lamar.mp3,151.999,14.912,19.209,18.078,16.899,43.015,15.987
Future - No Shame (Official Music Video from 'SUPERFLY') ft. PARTYNEXTDOOR.mp3,117.454,15.435,18.516,18.309,7.936,42.199,12.942
Future - PIE (Official Music Video) ft. Chris Brown.mp3,151.999,15.573,19.91,19.245,-2.727,38.392,16.027
Future - Super Trapper (Official Music Video).mp3,151.999,17.303,21.117,18.349,3.219,42.241,16.958
Future - Use Me (Official Music Video).mp3,151.999,14.529,18.857,19.177,2.668,35.138,15.282
Future - You Da Baddest (Official Music Video) ft. Nicki Minaj.mp3,151.999,15.506,18.474,17.872,4.638,35.875,17.494
"Future, Koly P & Zoey Dollaz ‚ÄúYAYAYA‚Äù (WSHH Exclusive - Official Audio).mp3",135.999,14.436,18.301,17.731,2.706,37.463,15.309
"Future, Young Thug - All da Smoke (Official Music Video).mp3",143.555,16.022,18.546,18.47,2.038,44.973,17.69
"G-Eazy - No Limit (Remix) ft. A$AP Rocky, Cardi B, French Montana, Juicy J, Belly.mp3",89.103,14.796,17.466,17.14,6.727,38.906,15.925
Galantis & Hook N Sling - Love On Me (Official Video).mp3,123.047,15.39,17.956,17.429,0.804,31.847,12.006
Galantis & Throttle - Tell Me You Love Me (Official Music Video).mp3,123.047,15.772,19.252,18.191,4.938,34.451,16.73
Galantis - Mama Look At Me Now (Official Music Video).mp3,123.047,17.098,19.084,18.732,3.881,38.885,13.831
Galantis - Spaceship feat. Uffie (Official Music Video).mp3,129.199,15.334,19.264,17.729,-1.419,31.104,14.106
Ghosts Of Paraguay - Chasing The Art.mp3,143.555,16.158,19.312,18.201,-9.105,45.828,18.911
Ghosts Of Paraguay feat. Jett - Here Below.mp3,92.285,14.6,19.308,18.991,-3.944,56.338,16.661
Gloria Gaynor - I Will Survive [Official Video] 1978 [Audio iTunes Plus AAC M4A].mp3,117.454,14.641,17.918,19.428,12.137,30.726,11.056
gnash - dear insecurity ft. ben abraham (lyric video).mp3,112.347,18.597,21.374,19.426,12.489,39.077,20.176
"gnash - i hate u, i love u ft. olivia o'brien [music video].mp3",92.285,17.415,20.944,19.565,7.208,42.41,18.865
Gorillaz - Let Me Out (Official Audio).mp3,161.499,13.886,16.46,17.096,-1.826,29.725,14.585
Gotye - Somebody That I Used To Know (feat. Kimbra) - official video.mp3,129.199,15.75,19.24,17.897,10.125,36.6,9.79
Grace - You Don't Own Me ft. G-Eazy.mp3,95.703,15.273,18.839,18.907,-2.773,33.981,15.206
Gracen Hill - 2 Good (Official Music Video).mp3,135.999,16.392,19.755,19.751,7.153,42.667,18.678
Greg Cooke Music ft. Lurkah - Snowflakes.mp3,117.454,14.673,17.452,17.984,16.134,25.959,9.794
Greig   Wedding day at Troldhauge - Best-of Classical Music.mp3,129.199,17.258,21.169,21.068,-3.804,30.097,10.714
Greig - In the hall of the mountain king - Best-of Classical Music.mp3,117.454,14.424,18.189,18.173,7.04,38.007,6.891
Greig - Morning from Peer Grynt - Best-of Classical Music.mp3,129.199,19.745,23.39,23.787,-4.159,34.599,10.279
Gromee - Light Me Up ft. Lukas Meijer.mp3,123.047,15.377,19.277,17.672,-1.047,28.755,10.588
Gromee - One Last Time ft. Jesper Jenset.mp3,103.359,15.721,18.923,17.795,5.391,32.398,15.489
Gryffin with Elley Duh√© - Tie Me Down (Official Music Video).mp3,99.384,15.09,18.154,18.306,5.41,30.813,12.703
Gucci Mane  - Curve (ft. The Weeknd).mp3,143.555,17.602,22.407,18.163,11.92,39.358,21.398
Gucci Mane - Enormous feat. Ty Dolla $ign [Official Audio].mp3,143.555,16.489,20.1,19.124,-1.6,44.073,19.477
Gucci Mane - Hurt Feelings prod. Metro Boomin [Official Music Video].mp3,135.999,16.043,20.433,19.826,1.431,41.591,17.963
Gucci Mane - Met Gala feat. Offset [Official Music Video].mp3,143.555,15.231,18.084,19.464,15.079,48.919,18.191
Gucci Mane - Peepin Out The Blinds [Official Audio].mp3,151.999,16.06,19.232,18.499,1.776,36.373,16.862
guess who- american woman.mp3,123.047,14.12,17.536,17.344,9.598,19.803,8.611
Gym Class Heroes - Stereo Hearts ft. Adam Levine [OFFICIAL VIDEO].mp3,89.103,14.834,18.885,18.067,0.3,30.371,14.207
"Hailee Steinfeld, Alesso - Let Me Go ft. Florida Georgia Line, WATT.mp3",103.359,16.221,19.398,18.846,8.715,33.526,15.547
"Hailee Steinfeld, Grey - Starving ft. Zedd.mp3",99.384,17.328,20.179,19.426,7.866,37.176,15.573
Halsey - Without Me.mp3,135.999,16.557,19.958,20.1,7.875,38.447,19.58
Hanne Mj√∏en - Sounds Good To Me (Official Music Video).mp3,107.666,14.88,18.325,17.722,3.122,54.033,11.143
Haydn - Trumpet Concerto - Best-of Classical Music.mp3,135.999,17.521,21.214,24.047,-9.387,33.055,10.772
Hellberg & Leona Lewis - Headlights (Official Music Video).mp3,129.199,15.597,19.019,19.599,8.217,32.368,14.418
Hellfire Machina - 3 Prayers To Buddha (dubstep).mp3,143.555,15.704,17.714,16.429,-0.181,35.502,15.8
hey sexy lady - i square ( skrillex remix ).mp3,143.555,14.676,17.847,17.09,1.306,31.801,19.278
Hosta - Things Change (Jodi Remix).mp3,143.555,17.571,23.117,20.936,-3.319,41.585,19.294
Hosta - True Love Is A Fairy Tale [Free Download].mp3,135.999,16.897,20.266,22.325,-1.605,44.109,17.61
Hot Blooded - Foreigner.mp3,117.454,14.169,17.763,18.193,-6.42,27.846,10.737
HRVY - Holiday ft. Redfoo.mp3,129.199,15.125,18.629,17.759,4.817,33.599,13.018
HRVY - I Won't Let You Down (Official Video).mp3,129.199,17.397,19.185,18.508,4.313,33.282,16.823
HxdB - Silent Q (Dubstep).mp3,135.999,14.295,16.755,17.192,3.906,36.61,17.956
Hybrid Minds - Paint By Numbers (ft. Charlotte Haining) (Official Video).mp3,117.454,15.493,17.896,17.391,0.54,39.009,15.669
Hybrid Minds - Solitude (ft. Alexa Harley).mp3,86.133,15.758,17.933,18.24,7.097,42.231,13.725
H√§ndel   Hallelujah from the Messiah - Best-of Classical Music.mp3,107.666,14.77,18.55,19.689,-12.156,29.193,10.364
H√§ndel   La Rejouissance from Royal Fireworks Music - Best-of Classical Music.mp3,129.199,16.905,19.323,21.179,-11.293,32.504,11.898
H√§ndel  - Arrival of te Queen of Sheba - Best-of Classical Music.mp3,107.666,16.663,21.929,22.426,-8.289,26.802,7.363
H√§ndel - Ombra Mai Fu - Best-of Classical Music.mp3,129.199,19.577,23.909,23.299,3.352,36.552,16.334
H√§ndel - Salomo - Best-of Classical Music.mp3,107.666,16.808,22.522,23.32,-7.949,28.62,7.235
I heard it through the grapevine - Creedence.mp3,123.047,14.664,16.98,17.18,10.002,44.369,7.984
Icewear Vezzo - European (Official Music Video).mp3,99.384,15.01,18.957,18.161,5.425,37.931,16.546
ID3 - Alone (feat. Jett).mp3,99.384,18.306,21.2,20.018,10.311,44.942,14.438
Iggy Azalea - Kream ft. Tyga.mp3,86.133,15.223,18.878,18.413,20.762,52.753,22.029
Ill-Esha - Black Ice (Original Mix).mp3,135.999,16.647,19.538,19.237,27.534,46.362,19.006
Imagine Dragons - Believer.mp3,123.047,15.363,17.881,16.668,6.883,30.504,13.493
Imagine Dragons - Demons (Official).mp3,123.047,15.671,19.25,18.973,-6.62,31.092,11.23
Imagine Dragons - It's Time.mp3,103.359,14.599,18.185,17.503,7.277,28.213,9.52
Imagine Dragons - Natural.mp3,99.384,15.026,18.404,17.195,10.633,28.469,11.673
imogen heap   hide and seek  roksonix dubstep.mp3,143.555,13.08,16.35,16.81,1.274,28.964,19.56
Ina Wroldsen - Strongest (Lyric Video).mp3,123.047,16.383,19.583,18.722,3.231,33.973,14.363
intense - insert title here ( dubstep VIP ).mp3,112.347,15.198,16.926,20.123,-6.065,37.836,12.031
INTERCOM - Decoy World VIP (feat. Park Avenue) [Monstercat FREE Release].mp3,117.454,16.397,19.665,18.42,5.807,43.507,10.895
Irrelevant - Grains (Myrkur Remix) [Free Download].mp3,135.999,16.94,19.791,17.528,20.813,31.788,13.754
ItaloBrothers - Inside Out.mp3,103.359,15.483,18.566,17.697,4.199,31.207,11.582
"Ivax - White Lilies, Your Eyes (Bulb Remix).mp3",112.347,18.951,22.87,22.118,16.115,38.948,20.378
J. Cole - ATM.mp3,107.666,14.92,18.419,16.46,2.52,44.589,16.372
J. Cole - Kevin's Heart.mp3,117.454,14.969,17.541,16.35,1.443,45.814,15.159
Jack & Jack - No One Compares To You.mp3,112.347,17.061,19.737,18.355,5.051,35.514,12.447
Jacob Banks - Be Good To Me ft. Seinabo Sey (Official Music Video).mp3,112.347,16.866,19.269,17.566,7.707,35.854,13.141
James Arthur - Say You Won't Let Go (Official Music Video).mp3,129.199,17.917,21.552,20.72,12.775,38.119,11.728
James Bay - Let It Go.mp3,143.555,18.423,21.992,20.934,21.592,39.167,13.638
James Blunt - You're Beautiful (Video).mp3,161.499,17.354,20.877,20.269,12.623,27.811,9.93
Janicha - No Fear.mp3,71.777,17.649,20.38,20.889,19.304,30.814,11.04
Janieck - Does It Matter (Official Music Video).mp3,123.047,16.651,20.132,19.057,9.058,36.94,13.653
Jareth - Kaleidoscope (Hybrid Minds Remix).mp3,117.454,17.102,18.426,18.456,-3.161,49.074,13.926
Jason Derulo - Swalla (feat. Nicki Minaj & Ty Dolla $ign) (Official Music Video).mp3,99.384,15.812,18.738,17.562,11.683,39.418,16.179
Jason Derulo x David Guetta - Goodbye (feat. Nicki Minaj & Willy William) [OFFICIAL MUSIC VIDEO].mp3,135.999,15.084,18.539,17.523,4.598,29.779,14.747
Jason Mraz - I'm Yours (Official Video).mp3,151.999,17.562,20.473,19.995,2.37,40.897,14.596
Jay Rock - WIN.mp3,123.047,14.163,18.223,18.576,-4.073,34.89,17.57
"Jay Rock, Kendrick Lamar, Future, James Blake - King's Dead.mp3",161.499,13.876,17.087,16.096,12.279,38.026,17.814
JAY-Z - Bam ft. Damian Marley.mp3,151.999,16.185,19.487,18.681,1.295,46.171,15.03
Jennifer Lopez - Ain't Your Mama.mp3,161.499,15.002,17.544,17.684,-4.534,32.576,19.147
Jennifer Lopez - On The Floor ft. Pitbull.mp3,129.199,15.57,18.369,17.65,4.434,43.614,12.349
Jessie J - Flashlight (from Pitch Perfect 2).mp3,143.555,15.419,18.705,19.384,2.191,37.855,15.329
"Jessie J, Ariana Grande, Nicki Minaj - Bang Bang ft. Ariana Grande, Nicki Minaj.mp3",151.999,13.661,16.751,16.901,-5.153,37.505,16.44
Joan Jett - I Love Rock 'n' Roll.mp3,95.703,15.413,17.835,16.966,-7.74,28.388,11.071
Joey Bada$$ - 'Land of the Free' (Official Music Video).mp3,95.703,16.572,20.189,17.836,5.8,39.616,18.732
John Legend - All of Me (Edited Video).mp3,123.047,18.795,22.58,21.888,-7.632,48.131,11.993
John Newman - Love Me Again.mp3,129.199,14.549,17.89,17.189,7.392,36.564,9.106
Johnny Orlando - Last Summer.mp3,172.266,15.242,18.275,17.75,-2.732,38.231,16.04
"Johnny Orlando, Mackenzie Ziegler - What If.mp3",123.047,15.227,17.949,17.27,11.072,39.098,15.155
Jonas Blue - By Your Side ft. RAYE.mp3,123.047,16.154,19.43,20.005,3.588,33.421,13.748
Jonas Blue - Fast Car ft. Dakota.mp3,112.347,18.19,20.525,20.023,9.741,36.7,13.328
Jonas Blue - I See Love Ft. Joe Jonas (From Hotel Transylvania 3) ft. Joe Jonas.mp3,123.047,16.311,19.511,19.073,1.513,38.097,17.432
Jonas Blue - Mama ft. William Singe.mp3,103.359,15.24,18.813,17.568,3.464,33.262,12.761
Jonas Blue - Perfect Strangers ft. JP Cooper.mp3,117.454,15.534,17.339,17.244,5.519,44.352,13.982
Jonas Blue - Rise ft. Jack & Jack.mp3,107.666,16.356,19.472,18.526,0.398,33.441,13.71
"Jonas Blue, Liam Payne, Lennon Stella - Polaroid.mp3",112.347,15.329,19.65,17.311,1.905,39.543,14.27
Josh Groban ‚Äì River (Official Music Video).mp3,143.555,17.496,21.139,20.278,8.42,33.412,11.86
Journey - Don't Stop Believin' (Live in Houston).mp3,123.047,14.464,17.322,17.693,0.494,25.598,7.775
Joyner Lucas & Chris Brown - Stranger Things.mp3,123.047,14.871,17.082,16.338,5.221,36.487,16.934
"Juicy J - Ain't Nothing (Video) ft. Wiz Khalifa, Ty Dolla $ign.mp3",172.266,13.913,17.405,17.394,16.248,36.944,12.814
Juicy J - Gimme Gimme (Video) ft. Slim Jxmmi.mp3,143.555,16.205,19.01,17.345,16.688,36.361,16.187
Justin Bieber - Company.mp3,95.703,15.8,19.051,18.463,12.246,32.875,16.994
Justin Bieber - Love Yourself  (PURPOSE  - The Movement).mp3,99.384,17.178,19.346,18.843,2.752,56.863,15.203
Justin Bieber - Never Say Never ft. Jaden Smith.mp3,95.703,14.339,18.483,18.049,2.226,29.137,15.195
Justin Bieber - Sorry (PURPOSE  - The Movement).mp3,135.999,15.351,17.874,17.297,7.059,37.745,15.908
Justin Bieber - What Do You Mean (Lyric Video).mp3,123.047,16.265,19.155,19.392,5.086,33.247,15.787
Justin Timberlake - CAN'T STOP THE FEELING! (From DreamWorks Animation's 'Trolls') (Official Video).mp3,112.347,14.585,17.456,16.411,11.799,37.464,12.148
Justin Timberlake - Mirrors (Official Music Video).mp3,151.999,16.238,18.928,18.664,-0.258,38.908,13.821
K-391 & Alan Walker - Ignite (feat. Julie Bergan & Seungri).mp3,89.103,14.16,17.265,18.684,3.82,41.105,13.031
Kaiben - Crucial [Free Download].mp3,135.999,16.071,19.613,20.093,6.917,51.815,10.964
Kaiori Breathe - The Floods.mp3,135.999,15.853,19.518,19.815,3.96,34.317,16.17
Kansas - Carry On Wayward Son (Audio).mp3,129.199,14.868,18.62,18.834,-2.356,21.891,12.082
Kanye West & Lil Pump ft. Adele Givens - 'I Love It' (Official Music Video).mp3,103.359,16.521,19.544,17.995,18.823,50.328,15.273
Katy Perry - Chained To The Rhythm (Official) ft. Skip Marley.mp3,129.199,14.775,18.474,18.18,6.363,30.316,13.677
katy perry - et ( noisia dubstep remix ).mp3,135.999,13.291,16.933,17.169,5.901,24.87,13.298
Katy Perry - Firework (Official).mp3,123.047,14.842,18.269,19.336,0.728,25.848,11.364
Katy Perry - Hot N Cold (Official).mp3,129.199,13.704,16.446,16.534,8.757,33.247,11.098
Katy Perry - Roar (Official).mp3,89.103,13.346,15.972,17.271,2.541,28.287,11.471
Katy Perry - The One That Got Away (Official).mp3,135.999,14.148,18.177,19.391,5.395,26.788,12.499
Kendrick Lamar - ELEMENT..mp3,95.703,15.937,19.51,18.02,6.041,49.895,18.574
Kendrick Lamar - HUMBLE..mp3,151.999,15.376,17.94,18.018,8.96,45.733,15.862
Kendrick Lamar - LOVE. ft. Zacari.mp3,123.047,15.958,18.695,18.003,5.369,42.739,16.013
Kendrick Lamar - LOYALTY. ft. Rihanna.mp3,112.347,15.003,18.409,18.189,4.638,32.218,16.09
"Kendrick Lamar, SZA - All The Stars.mp3",95.703,13.319,17.914,17.677,4.609,40.068,12.279
Kevlar & Enigma - Fur Elise (Bass Hoven Dubstep Mix) Beethoven.mp3,143.555,16.962,19.207,17.518,7.096,41.236,14.091
"Khalid - OTW ft. 6LACK, Ty Dolla $ign (Official Music Video).mp3",143.555,15.124,18.949,18.55,3.837,38.72,15.792
Khalid - Young Dumb & Broke (Official Music Video).mp3,135.999,16.099,19.493,18.638,15.483,47.949,16.22
kid cudi - pursuit of happiness ( steve aoki remix ).mp3,129.199,14.539,17.01,16.078,6.114,34.119,11.434
Kid Ink - Swish ft. 2 Chainz.mp3,135.999,15.172,18.598,17.239,5.553,50.37,23.488
Kideko - Good Thing (Danny Byrd Remix).mp3,86.133,15.377,16.724,16.954,-3.701,21.851,15.428
KIKI DO YOU LOVE ME 'DRAKE' (MUSIC VIDEO).mp3,92.285,14.674,18.357,17.314,11.325,41.075,17.427
KILLSHOT [Official Audio].mp3,107.666,15.022,18.616,17.353,14.365,46.652,18.349
klaypex - lights.mp3,143.555,14.632,17.595,17.751,4.43,34.184,14.682
KOAN Sound - Wide Open.mp3,143.555,17.202,20.561,20.007,4.547,46.033,11.857
Kodak Black 'Everything 1K' (Starring Danielle Bregoli 'Cash Me Ousside') (WSHH Exclusive).mp3,135.999,16.402,19.213,18.027,7.026,40.432,15.778
Kodak Black 'No Flockin 2' (Bodak Orange).mp3,117.454,16.091,18.564,17.104,5.055,41.599,14.873
KODAK BLACK 'Snot Thot'.mp3,143.555,16.208,18.852,17.373,-8.318,38.833,12.965
Kodak Black - 'I N U' Music Video.mp3,135.999,15.847,18.232,17.208,2.014,44.769,12.988
Kodak Black - 'TRANSPORTIN' Directed - By Kodak Black.mp3,95.703,15.607,17.988,16.799,4.283,31.783,12.424
Kodak Black - Conscience (feat  Future) [Official Audio].mp3,107.666,15.448,18.543,17.305,0.875,29.563,15.934
Kodak Black - First Day Out [OFFICIAL MUSIC VIDEO].mp3,135.999,15.897,18.886,17.958,-2.52,44.629,12.359
"Kodak Black - If I'm Lyin, I'm Flyin [Official Video].mp3",117.454,15.004,17.458,17.798,-9.88,43.971,19.042
Kodak Black - Roll In Peace feat. XXXTentacion [Official Music Video].mp3,143.555,15.827,20.317,19.986,6.21,44.475,20.91
Kodak Black - Too Many Years (feat. PNB Rock) [Official Music Video].mp3,143.555,14.997,19.221,18.59,3.5,33.596,12.28
Kodak Black - Tunnel Vision [Official Music Video].mp3,86.133,17.794,20.811,19.626,15.103,36.617,16.349
KOLABEECH ‚Äì EVERYBODY'S FREE feat. Betsy (Official Music Video 2018).mp3,123.047,16.12,19.982,18.334,26.561,36.003,17.633
Koto & Suree - Tilt.mp3,143.555,13.167,17.187,19.775,-5.493,35.135,12.709
Kove - Give & Take.mp3,172.266,14.202,15.176,14.958,7.469,26.702,8.295
Krewella - Alibi (Official Music Video).mp3,135.999,14.569,18.483,18.515,0.22,38.174,14.094
Kris Kross Amsterdam x The Boy Next Door - Whenever (feat. Conor Maynard) [Official Music Video].mp3,112.347,16.412,19.076,17.481,10.566,32.052,14.714
Kromestar - Here We Come.mp3,143.555,14.106,17.072,18.586,12.379,38.847,17.672
Kungs - I FEEL SO BAD (Official Video) ft. Ephemerals.mp3,123.047,15.869,19.162,18.814,3.129,33.965,11.375
Kwamie Liv - New Boo.mp3,129.199,16.285,17.897,17.279,15.031,32.519,13.366
Kygo & Ellie Goulding - First Time.mp3,117.454,17.176,19.93,18.627,-0.778,44.706,15.222
Kygo - Carry Me ft. Julia Michaels.mp3,135.999,15.788,20.126,20.705,1.142,33.467,16.148
Kygo - Stranger Things ft. OneRepublic.mp3,107.666,16.262,20.303,20.008,-7.358,37.258,12.267
Kygo - Sunrise (Audio) ft. Jason Walker.mp3,99.384,16.31,19.251,19.012,8.412,43.715,13.059
"Kygo, Justin Jesso - Stargazing ft. Justin Jesso.mp3",99.384,16.082,19.418,18.789,0.383,41.195,10.887
"Kygo, Miguel - Remind Me to Forget.mp3",99.384,16.394,20.935,19.407,8.849,34.08,12.214
"Kygo, Selena Gomez - It Ain't Me.mp3",99.384,15.691,18.744,18.941,1.522,29.896,13.984
KYLE - iSpy feat. Lil Yachty [Lyric Video].mp3,151.999,17.292,19.218,18.766,-6.027,39.475,14.657
KYLE - iSpy feat. Lil Yachty [Official Music Video].mp3,151.999,17.028,18.956,18.608,-5.743,40.743,14.393
KYLE - Moment feat. Wiz Khalifa [Official Music Video].mp3,143.555,13.637,16.396,16.61,12.104,39.236,16.786
la roux - in for the kill (skrillex dubstep mix).mp3,143.555,14.16,18.032,19.014,3.741,24.6,15.663
Lady Antebellum - Need You Now.mp3,107.666,17.27,20.76,21.699,3.507,36.805,11.854
Lady Gaga - Bad Romance.mp3,117.454,14.219,17.963,18.012,3.268,41.444,12.418
Lady Gaga - Million Reasons.mp3,129.199,16.62,19.84,19.794,10.572,32.478,16.294
Lady Gaga - Poker Face.mp3,117.454,14.958,17.442,17.048,3.411,34.153,13.8
"Lady Gaga, Bradley Cooper - Shallow (A Star Is Born).mp3",95.703,17.628,19.212,18.946,3.079,30.088,14.108
"LEA, Cyril - Immer wenn wir uns sehn ('Das sch√∂nste M√§dchen der Welt', Soundtrack).mp3",172.266,16.398,19.556,18.51,11.711,38.191,13.672
Leeroy Thornhill - Wait For Me (The Prototypes Remix).mp3,117.454,14.563,15.819,15.421,13.548,53.779,14.315
Leon Mach√®re - Copacabana üå¥‚òÄÔ∏è (Official Video).mp3,129.199,15.283,18.04,17.158,0.663,32.211,14.516
Leona Lewis - Bleeding Love (US Version).mp3,103.359,16.146,20.098,19.75,14.222,37.497,16.199
Lil Durk - Spin The Block ft. Future (Official Music Video).mp3,172.266,14.47,19.234,18.257,18.005,42.992,15.231
Lil Mosey - Kamikaze (Dir. by @_ColeBennett_).mp3,99.384,13.981,18.15,17.637,0.556,41.363,14.035
Lil Peep - Life Is Beautiful.mp3,135.999,15.724,18.041,17.273,17.972,55.457,12.162
Lil Pump - 'Drug Addicts' (Official Music Video).mp3,143.555,14.863,18.133,18.544,1.564,40.382,22.862
Lil Pump - 'ESSKEETIT' (Official Music Video).mp3,135.999,16.067,19.524,18.304,10.316,44.368,16.081
Lil Pump - 'Gucci Gang' (Official Music Video).mp3,117.454,15.368,20.407,20.056,5.303,50.896,21.227
Lil Uzi Vert - Do What I Want [Official Music Video].mp3,135.999,14.9,20.652,19.857,-12.92,24.465,16.057
Lil Uzi Vert - The Way Life Goes Remix (Feat. Nicki Minaj) [Official Audio].mp3,161.499,16.337,19.657,18.59,6.012,47.101,15.85
Lil Uzi Vert - The Way Life Goes Remix (Feat. Nicki Minaj) [Official Music Video].mp3,161.499,16.087,19.21,18.28,5.946,48.782,15.422
Lil Uzi Vert - XO Tour Llif3 (Official Music Video).mp3,151.999,14.426,18.091,17.995,2.978,42.797,17.557
"Lil Uzi Vert, Quavo & Travis Scott - Go Off (from The Fate of the Furious - The Album) [MUSIC VIDEO].mp3",172.266,13.844,17.597,18.457,-4.215,35.197,14.452
Lil Wayne - Big Bad Wolf (Official Audio) D6 Reloaded.mp3,129.199,17.466,19.438,17.74,14.332,48.742,18.416
Lil Yachty - COUNT ME IN.mp3,161.499,16.009,18.709,16.891,16.159,45.845,15.162
"Lil Yachty, Young Thug - On Me.mp3",135.999,15.766,18.345,18.58,0.7,39.68,16.616
Little Mix - Black Magic (Official Music Video).mp3,112.347,13.885,17.047,16.821,8.505,30.278,13.436
Little Mix - Secret Love Song ft. Jason Derulo (Official Video).mp3,123.047,15.716,18.97,18.697,1.511,34.662,15.81
Little Mix - Woman Like Me (Official Video) ft. Nicki Minaj.mp3,151.999,15.906,18.245,17.759,6.112,25.196,19.588
"Logic - 1-800-273-8255 ft. Alessia Cara, Khalid.mp3",99.384,15.568,19.339,18.589,3.626,44.048,12.29
Logic - Black SpiderMan ft. Damian Lemar Hudson.mp3,135.999,14.389,17.962,18.872,-3.47,36.471,13.045
LOONY - Overnight.mp3,95.703,16.498,20.757,20.541,14.75,34.628,19.429
Loredana feat. Mozzik üî´ BONNIE & CLYDE üî´ prod. by Miksu & Macloud.mp3,112.347,16.41,19.29,18.754,5.4,41.616,19.061
Lost Frequencies & Zonderling - Crazy (Official Music Video).mp3,117.454,16.248,18.87,17.947,10.312,37.574,12.612
Lost Frequencies ft. James Blunt - Melody (Official Music Video).mp3,117.454,18.06,21.053,20.25,2.693,36.499,16.294
Lost Kings - First Love (Official Video) ft. Sabrina Carpenter.mp3,129.199,15.488,18.41,18.369,1.841,43.293,14.467
Loud Luxury feat. brando - Body (Official Music Video).mp3,123.047,15.078,17.203,16.605,10.292,32.758,14.728
Loud Luxury x anders - Love No More (Official Music Video).mp3,123.047,14.544,17.645,17.115,9.426,43.289,12.453
Louis The Child - Better Not ft. Wafia.mp3,112.347,15.999,19.688,20.129,6.957,37.434,14.661
Loz Contreras - Break You Down (feat. Sanna).mp3,95.703,15.87,20.217,18.854,5.515,40.209,16.447
LP - Lost On You [Official Video].mp3,86.133,15.67,19.219,19.794,-0.728,32.257,12.131
LSB & Kinross - Roots.mp3,86.133,17.057,19.186,17.942,4.42,48.744,17.985
"LSD - Audio (Official Video) ft. Sia, Diplo, Labrinth.mp3",117.454,15.536,19.204,19.018,1.611,33.989,16.678
"LSD - Thunderclouds (Official Video) ft. Sia, Diplo, Labrinth.mp3",112.347,15.106,18.163,18.367,14.824,31.531,11.586
Luis Fonsi - Despacito ft. Daddy Yankee (Official Music Video).mp3,117.454,15.56,19.145,18.293,-1.879,35.201,12.604
Lukas Graham - 7 Years [OFFICIAL MUSIC VIDEO].mp3,117.454,16.858,20.305,19.524,4.754,38.361,14.296
Lukas Graham - Love Someone [OFFICIAL MUSIC VIDEO].mp3,112.347,18.031,20.614,20.42,13.167,42.02,13.328
Lung. - Afterlife (Dubstep).mp3,112.347,14.724,18.136,19.766,11.26,56.572,12.294
Lupe Fiasco & Guy Sebastian - Battle Scars [Official Music Video].mp3,161.499,14.935,18.996,20.865,-1.851,38.636,12.955
LYLIT - Blocks (Official Video).mp3,143.555,15.13,18.774,18.999,-3.447,32.786,14.351
M-22 ft. Medina - First Time (Official Music Video).mp3,123.047,15.604,19.618,20.38,8.251,35.956,10.131
M83 - We Own the Sky (Datsik Remix).mp3,143.555,14.626,16.832,15.862,11.836,24.323,7.835
Macca & Zensound - Blue & Green.mp3,112.347,16.979,22.149,23.873,-5.128,43.952,15.426
Machine Gun Kelly 'Rap Devil' (Eminem Diss) (WSHH Exclusive - Official Music Video).mp3,151.999,13.988,17.053,16.17,10.932,53.816,20.112
Machine Gun Kelly - 27.mp3,112.347,15.727,19.822,19.103,11.034,45.864,13.412
Machine Gun Kelly - LATELY.mp3,151.999,14.841,18.638,18.09,-3.067,61.559,20.448
Machine Gun Kelly - LOCO.mp3,143.555,13.031,15.411,15.89,8.305,47.27,15.199
Machine Gun Kelly - The Gunner.mp3,123.047,13.229,15.788,16.558,10.151,61.738,10.525
"Machine Gun Kelly - Trap Paris ft. Quavo, Ty Dolla $ign.mp3",123.047,15.327,18.532,19.177,-6.179,44.62,16.965
MACKLEMORE FEAT LIL YACHTY - MARMALADE (OFFICIAL MUSIC VIDEO).mp3,135.999,15.315,18.859,20.467,7.797,44.581,15.672
Macky Gee - Fever (ft. DJ Zinc).mp3,172.266,14.261,15.682,15.14,-5.391,26.925,10.103
Macky Gee - Tour.mp3,172.266,15.463,18.312,17.265,-5.746,16.347,11.032
"Macky Gee, DJ Phantasy & DJ Fresh - Civilization.mp3",89.103,14.693,16.993,15.954,-0.646,29.526,9.818
Maduk & Dennis Pedersen - Miles Apart (ft. Ella NoeÃàl & Rino).mp3,117.454,16.542,18.663,17.863,5.542,37.704,14.364
MAGIC! - Rude (Official Video).mp3,143.555,16.002,18.561,17.622,9.13,31.307,12.789
Major Lazer & DJ Snake - Lean On (feat. M√ò) (Official Music Video).mp3,129.199,16.435,18.89,19.205,3.789,39.659,17.729
Major Lazer - Blow That Smoke (Feat. Tove Lo) (Official Music Video).mp3,103.359,15.566,18.724,18.533,6.011,38.116,14.245
Major Lazer - Cold Water (feat. Justin Bieber & M√ò) (Official Dance Video).mp3,123.047,16.722,18.966,18.361,3.762,35.662,16.215
"Major Lazer - Know No Better (feat. Travis Scott, Camila Cabello & Quavo) (Official Music Video).mp3",117.454,16.09,19.571,18.875,5.221,38.659,16.214
Major Lazer - Sua Cara (feat. Anitta & Pabllo Vittar) (Official Music Video).mp3,135.999,14.841,17.324,17.941,7.773,34.377,19.941
Make It Up As I Go [feat. K.Flay] (Official Video) - Mike Shinoda.mp3,95.703,14.7,17.292,17.371,5.355,36.489,12.839
Manfred Mann's Earth Band - Blinded By The Light (Original Song With Lyrics).mp3,143.555,16.591,19.046,19.893,6.347,24.543,13.18
Margaret - What You Do (Official Video).mp3,129.199,16.32,19.68,18.487,1.171,37.741,20.835
Mariah Carey - We Belong Together.mp3,143.555,17.564,19.97,20.266,13.722,35.885,18.13
Mark Ronson - Uptown Funk ft. Bruno Mars.mp3,117.454,13.542,16.721,16.099,0.215,32.727,12.847
Maroon 5 - Girls Like You ft. Cardi B.mp3,123.047,16.738,19.557,18.016,7.624,42.76,13.257
Maroon 5 - One More Night.mp3,92.285,14.802,18.038,17.792,-4.344,31.007,14.213
Maroon 5 - She Will Be Loved.mp3,103.359,17.062,21.689,20.615,8.89,28.179,10.298
Maroon 5 - Sugar.mp3,117.454,13.582,16.931,16.816,-9.065,31.215,13.391
Marshmello & Anne-Marie - FRIENDS (Music Video) _OFFICIAL FRIENDZONE ANTHEM.mp3,95.703,16.328,17.733,17.431,3.379,40.299,15.48
Marshmello - Silence Ft. Khalid (Official Music Video).mp3,143.555,15.615,18.699,18.79,4.457,44.901,14.927
Marshmello ft. Bastille - Happier (Official Music Video).mp3,99.384,15.581,19.056,18.082,1.318,35.505,14.367
Martin Garrix & Bebe Rexha - In The Name Of Love (Official Video).mp3,135.999,16.35,19.996,21.398,2.824,36.118,17.962
Martin Garrix & David Guetta - So Far Away (Official Video) feat. Jamie Scott & Romy Dya.mp3,151.999,16.624,20.814,20.737,3.42,40.826,15.076
Martin Garrix & Dua Lipa - Scared To Be Lonely (Official Video).mp3,135.999,16.04,20.351,20.236,7.297,31.836,13.679
Martin Garrix & Justin Mylo - Burn Out (Official Video) feat. Dewain Whitmore.mp3,129.199,15.981,19.375,18.568,6.399,31.093,15.057
Martin Garrix & Troye Sivan - There For You (Official Video).mp3,107.666,16.705,20.969,19.923,5.909,38.325,13.924
Martin Garrix feat. Bonn - High On Life (Official Video).mp3,129.199,16.483,20.569,19.541,9.698,35.475,11.017
Martin Garrix feat. Khalid - Ocean (Official Video).mp3,143.555,16.813,19.793,18.771,8.269,43.418,12.461
Martin Jensen - Solo Dance (4K).mp3,117.454,15.343,18.478,18.059,13.146,44.607,13.336
Martin Solveig - All Stars (Official Video) ft. ALMA.mp3,123.047,14.484,17.913,18.943,0.083,42.178,16.87
Martin Solveig - My Love (Lyric Video).mp3,117.454,16.144,19.462,19.186,4.526,40.025,15.773
mclean - finally in love ( hygrade remix ).mp3,135.999,13.552,16.075,16.021,13.697,23.013,11.127
Meek Mill 'Check' (WSHH Exclusive - Official Music Video).mp3,89.103,13.835,18.259,19.171,12.981,38.293,14.46
Meek Mill - Fall Thru (Official Video).mp3,103.359,15.539,20.193,18.542,6.062,35.095,13.511
Meek Mill - Glow Up [OFFICIAL MUSIC VIDEO].mp3,151.999,13.708,18.26,17.729,5.585,33.921,14.788
Meek Mill - Issues [Official Music Video].mp3,123.047,16.159,20.121,19.008,4.69,43.628,17.12
Meek Mill - Litty (feat. Tory Lanez) [OFFICIAL MUSIC VIDEO].mp3,129.199,14.202,18.052,17.811,8.546,38.255,14.559
Meek Mill - Young Black America (feat. The-Dream) [Official Music Video].mp3,151.999,15.097,18.729,18.254,13.127,47.321,14.906
Mefjus - The Sirens.mp3,112.347,17.993,17.892,16.798,-9.649,42.839,14.029
Meghan Trainor - All About That Bass (Official Music Video).mp3,135.999,13.914,17.661,18.043,-4.472,36.705,11.696
Meghan Trainor - Like I'm Gonna Lose You (Official Music Video) ft. John Legend.mp3,107.666,17.608,20.874,20.232,6.462,35.609,13.478
Meghan Trainor - Me Too (Official Music Video).mp3,123.047,15.206,18.821,18.802,2.444,38.676,16.509
Melancholy Melody (Eyes Remix) - Kate McGill [HD].mp3,129.199,17.945,20.376,20.403,-4.31,29.364,15.971
Memro - Filled With Gaps [Free Download].mp3,86.133,17.149,18.499,17.229,-0.59,37.831,15.839
Metric - Collect Call (IMIJ Remix).mp3,135.999,16.216,20.248,21.917,-13.135,51.81,16.103
Michael Bubl√© - Love You Anymore [Official Music Video].mp3,89.103,16.822,19.759,18.332,12.825,36.407,13.251
Migos 'Dab Of Ranch' (WSHH Exclusive - Official Audio).mp3,135.999,14.79,17.898,17.34,12.785,43.889,15.827
Migos 'Get Right Witcha' (WSHH Exclusive - Official Music Video).mp3,135.999,14.249,17.503,19.033,-4.837,42.508,18.429
Migos - '11 Birds' Prod. by DJ Durel and Quavo _ Champs Sports and Under Armour - The Moment Part 3.mp3,129.199,15.003,19.13,17.839,1.393,29.391,13.913
Migos - Deadz feat. 2 Chainz [Official Video].mp3,123.047,14.25,17.299,18.097,-6.427,40.095,13.6
Migos - Narcos.mp3,123.047,13.943,17.4,16.819,-6.366,40.51,17.381
Migos - Slippery feat. Gucci Mane [Official Video].mp3,143.555,16.615,20.645,18.386,-0.098,45.593,19.756
Migos - Walk It Talk It ft. Drake.mp3,143.555,14.935,19.02,18.869,-2.137,41.927,15.589
Migos - What The Price [Official Video].mp3,123.047,16.388,19.653,19.641,-3.07,37.015,15.676
Miike Snow - Silvia (Emalkay Dubstep Remix).mp3,135.999,15.387,18.376,17.125,6.782,35.421,12.295
Mike Hennessy - Memories (Dubstep Mix).mp3,92.285,16.778,18.57,17.713,13.34,42.313,14.674
Mike Perry - Stay Young (ft. Tessa).mp3,89.103,15.853,18.969,19.132,3.095,38.114,14.015
"Mike WiLL Made-It - Gucci On My ft. 21 Savage, YG, Migos.mp3",143.555,15.254,18.019,17.391,16.014,46.879,17.404
"Mike WiLL Made-It - Perfect Pint ft. Kendrick Lamar, Gucci Mane, Rae Sremmurd.mp3",123.047,15.406,18.805,17.156,1.988,41.992,15.658
Miley Cyrus - Party In The U.S.A..mp3,95.703,15.901,18.448,19.417,1.267,31.869,14.036
Miley Cyrus - The Climb - Official Music Video (HQ).mp3,161.499,16.798,20.055,20.712,2.108,27.327,14.803
Milky Chance - Stolen Dance (Album Version).mp3,112.347,17.964,20.615,17.377,9.725,46.225,15.558
minutes.mp3,92.285,16.013,20.123,20.3,-2.38,41.623,13.715
MJ Cole - Pictures In My Head (High Contrast Remix).mp3,86.133,15.847,17.493,18.359,-2.169,38.756,15.417
MNEK - Colour (Official Video) ft. Hailee Steinfeld.mp3,135.999,16.293,18.432,18.296,2.571,40.732,14.967
Modestep - Exile Mastered LB (1080p).mp3,135.999,14.59,18.094,18.67,10.618,53.41,11.462
Moloko - Time Is Now (Munkey Dubstep Remix).mp3,135.999,17.167,19.658,19.939,9.545,43.814,12.196
Money - Pink Floyd HD (Studio Version).mp3,129.199,14.798,18.034,18.824,16.514,30.549,10.798
Morgan Page - The Longest Road feat. Lissie (Grifta Remix).mp3,92.285,13.819,17.956,19.212,4.816,42.572,15.135
Motorcycle - As The Rush Comes (High Rankin remix).mp3,135.999,15.952,16.929,17.275,-0.456,40.498,13.212
Mozart - Alla turca from Piano Sonata No 11 - Best-of Classical Music.mp3,129.199,16.455,21.851,23.659,-0.794,33.071,9.686
Mozart - Der H√∂lle Rache( Queen of the Night Zaberfl√∂te) - Best-of Classical Music.mp3,143.555,17.376,23.524,25.476,-9.329,37.3,17.708
Mozart - Eine kleine Nacthtmusic - Best-of Classical Music.mp3,135.999,17.359,21.26,21.898,-5.5,29.291,7.373
"Mozart - Eine kleine Nacthtmusic, Romance - Best-of Classical Music.mp3",135.999,18.727,22.001,22.701,-6.091,29.27,8.466
Mozart - Le nozze di Figaro - Best-of Classical Music.mp3,151.999,15.983,19.007,21.923,-12.298,37.869,12.771
Mozart - Madamina - Best-of Classical Music.mp3,117.454,18.175,20.65,21.275,-0.582,31.678,15.45
Mozart - Nr 21 - Best-of Classical Music.mp3,99.384,17.811,23.168,25.256,3.451,36.417,10.563
"Mozart - Piano concerto No 21, Elvira Madigan - Best-of Classical Music.mp3",99.384,17.834,22.996,24.74,5.318,31.589,10.557
Mozart - Sym Nr 40 - Best-of Classical Music.mp3,112.347,17.588,21.568,22.237,-3.821,28.083,10.524
Mt Eden Dubstep - Bat for lashes - Daniel.mp3,135.999,14.526,17.366,16.953,22.033,42.279,12.183
Mt Eden Dubstep - Chicane - Salt Water.mp3,135.999,14.796,17.723,16.974,4.614,31.038,7.732
Mt Eden Dubstep - Madonna - Frozen.mp3,135.999,14.228,17.247,16.306,13.131,41.888,13.197
Mt Eden Dubstep - Still Alive.mp3,135.999,14.198,16.987,16.196,8.996,38.302,11.152
Mura Masa - All Around The World (Official Video) ft. Desiigner.mp3,129.199,17.884,21.614,20.237,3.182,40.91,14.781
Muzzy & Flite - Elevate (ft. Miss Trouble).mp3,117.454,13.986,15.978,14.998,7.367,37.221,11.613
Muzzy & Koven & Feint - Worth The Lie [Monstercat Release].mp3,117.454,14.802,17.174,17.089,11.014,31.523,10.404
N.E.R.D & Rihanna - Lemon.mp3,95.703,14.933,17.858,17.062,12.263,37.805,17.444
Namika - Je ne parle pas fran√ßais (Beatgees Remix) feat. Black M.mp3,143.555,16.13,19.131,18.637,9.287,35.963,16.896
NEIL YOUNG - OLD MAN.mp3,143.555,18.794,20.662,20.27,3.684,39.684,11.362
Nelly Furtado - Say It Right.mp3,117.454,14.211,16.929,16.882,-1.415,38.52,13.28
Nero - Innocence (Official Video).mp3,135.999,14.332,16.819,16.694,7.59,49.574,11.739
NF - WHY.mp3,151.999,14.694,18.141,18.275,9.824,47.06,18.327
nGage - Forget Me Now.mp3,117.454,14.64,18.629,19.714,3.246,37.205,10.559
"Nick Jonas, Robin Schulz - Right Now.mp3",135.999,15.211,18.609,18.241,9.577,37.979,11.724
Nicki Minaj - Chun-Li.mp3,129.199,14.799,16.594,17.39,-0.216,44.111,16.698
"Nicki Minaj, Drake, Lil Wayne - No Frauds.mp3",135.999,14.739,18.345,18.22,8.799,48.569,19.24
Nico Santos - Rooftop (Official Video).mp3,161.499,14.092,17.892,17.565,-4.215,36.404,12.082
Nikki Vianna - Done (Performance Video).mp3,95.703,16.878,19.044,18.047,-1.917,42.899,20.848
Nocow - Moonlight Flit.mp3,129.199,13.504,17.614,16.283,13.296,46.753,11.217
"NOTD, Bea Miller - I Wanna Know.mp3",117.454,15.564,18.433,18.575,0.152,33.973,14.477
"NOTD, Felix Jaehn - So Close (ft. Georgia Ku & Captain Cuts).mp3",123.047,15.345,18.48,17.504,0.69,30.821,13.316
O.T. Genasis - Thick ft. 2 Chainz [Music Video].mp3,151.999,14.577,19.512,19.481,5.764,43.205,18.474
Omarion Ft. Chris Brown & Jhene Aiko - Post To Be (Official Music Video).mp3,95.703,15.589,19.585,19.696,5.232,36.819,16.547
One Direction - Drag Me Down (Official Video).mp3,135.999,15.325,19.101,18.397,4.982,30.296,12.084
One Direction - Story of My Life (Official Video).mp3,123.047,16.413,19.894,19.456,11.996,33.936,10.575
One Direction - What Makes You Beautiful (Official Video).mp3,123.047,14.324,17.642,16.624,6.046,29.154,10.538
OneRepublic - Counting Stars.mp3,123.047,14.967,17.906,16.968,2.616,32.669,10.818
Optic - Twilight Phase.mp3,117.454,17.268,19.675,19.339,-0.941,45.315,12.096
Orff - O Fortuna Carmina Burana - Best-of Classical Music.mp3,135.999,13.573,16.55,18.794,-0.58,32.63,8.691
Owl City - Fireflies (Trillbass & E Tubbs Dubstep Remix ft. Catt) - FREE DL.mp3,151.999,16.599,18.425,17.96,11.045,48.685,18.726
P!nk - Just Give Me A Reason ft. Nate Ruess.mp3,95.703,15.998,18.842,19.366,9.977,34.177,13.102
Pachebel - Canon - Best-of Classical Music.mp3,123.047,19.507,21.644,22.56,-4.438,20.109,6.94
Panic! At The Disco - High Hopes [OFFICIAL VIDEO].mp3,161.499,14.549,17.416,17.238,0.999,37.641,10.876
paramore - crushcrushcrush ( slof man dubstep ).mp3,135.999,14.032,16.358,16.616,3.012,23.39,11.176
Passenger _ Let Her Go (Official Video).mp3,151.999,17.769,21.096,20.134,7.799,41.045,11.376
Pep - Nectar Boy (ambient dubstep).mp3,143.555,17.78,20.198,19.852,11.115,49.778,13.919
Phace - FMS.mp3,112.347,12.827,13.927,14.237,4.751,41.551,12.381
Phaeleh - Afterglow (feat. Soundmouse).mp3,112.347,17.467,22.015,21.9,-0.697,35.741,14.583
Phaeleh - Memories (feat. Anneka).mp3,69.837,18.346,22.963,22.948,17.111,39.691,18.351
Phantoms - Lay With Me ft. Vanessa Hudgens.mp3,103.359,15.255,18.556,18.069,3.775,33.377,12.861
Pharrell Williams - Happy (Video).mp3,161.499,14.659,18.598,17.77,11.386,28.972,13.003
Pink Floyd - Another Brick In The Wall (Part 2) (HQ).mp3,103.359,15.354,18.244,18.544,7.711,37.156,12.205
"Pink Floyd - Another Brick In The Wall, Part Two (Official Music Video).mp3",103.359,15.884,18.345,18.381,8.315,41.287,11.826
Pink Floyd - Time (2011 Remastered).mp3,123.047,15.407,18.199,19.603,9.633,51.773,11.657
Pitbull - Feel This Moment ft. Christina Aguilera.mp3,135.999,15.827,18.796,18.342,2.432,29.19,15.756
Pitbull - Rain Over Me ft. Marc Anthony.mp3,129.199,14.214,17.01,16.956,8.618,34.601,9.949
Pitbull - Timber ft. Ke$ha.mp3,129.199,14.217,16.947,17.196,0.237,25.564,13.758
plan b - love goes down ( doctor p remix ).mp3,117.454,15.14,17.21,16.728,1.052,29.705,11.794
plummet - damaged ( blinding lights remix ).mp3,89.103,14.18,18.078,17.99,16.806,52.611,10.238
Plummet - Damaged (Blinding Lights Remix).mp3,89.103,15.312,18.961,18.436,17.83,54.823,10.778
Pola & Bryson - Dream Days.mp3,117.454,15.487,18.374,16.359,10.469,49.18,17.44
Pola & Bryson - Night Dawns (ft. Lauren Archer).mp3,86.133,15.022,17.877,18.513,4.641,43.608,10.063
Polar Youth ft. Georgie Allen - All Night (Metrik Remix).mp3,86.133,14.991,17.159,17.011,4.669,37.679,12.911
Ponchielli - Hours Dance - Best-of Classical Music.mp3,143.555,16.532,20.386,22.74,1.385,39.988,11.472
Ponymane -  Doomchild.mp3,135.999,16.19,18.893,16.938,6.244,42.57,8.097
Poo Bear - Shade ft. Elvana Gjata.mp3,135.999,14.602,18.12,18.41,-4.966,45.254,14.545
Portugal. The Man - 'Feel It Still' (Official Video).mp3,161.499,15.128,17.447,16.752,2.97,38.468,12.391
Post Malone - Better Now.mp3,143.555,14.964,19.153,19.697,-3.444,42.6,16.666
Post Malone - Congratulations ft. Quavo.mp3,123.047,14.84,19.038,19.182,-0.438,44.641,14.364
Post Malone - Psycho ft. Ty Dolla $ign.mp3,143.555,15.616,20.017,19.547,3.899,46.31,14.289
Post Malone - rockstar ft. 21 Savage.mp3,161.499,16.375,20.141,19.558,14.019,54.11,14.915
Post Malone Feat. Ty Dolla $ign - Psycho (Official Audio).mp3,143.555,15.905,20.538,19.8,3.195,45.325,14.35
Pro Luxe - My Hands Are Wings Again (Clip).mp3,117.454,15.512,18.609,18.126,13.136,23.553,13.134
Proxima - Wubba Lubba.mp3,112.347,14.43,15.933,15.054,5.957,35.169,14.24
Puccini - Nessum Dorma - Best-of Classical Music.mp3,123.047,17.126,21.253,21.926,3.285,34.018,17.629
QBIT - TURKEY.mp3,143.555,16.023,18.424,20.376,-12.566,38.555,20.876
Quavo - LAMB TALK.mp3,143.555,15.458,18.792,17.504,2.431,43.381,15.474
Quavo - WORKIN ME.mp3,172.266,14.447,18.397,19.385,-2.043,40.049,16.249
Queen - We Will Rock You (Official Video).mp3,80.75,14.44,16.669,16.532,-4.93,48.942,11.899
R D - Face Of God (Feat. Nadine Risha).mp3,95.703,15.658,17.191,16.415,20.335,32.326,10.059
R3HAB x Sofia Carson - Rumors (Official Video).mp3,143.555,16.316,19.716,19.344,-10.279,43.008,18.688
Rachel Platten - Fight Song (Official Video).mp3,117.454,14.869,18.787,18.573,3.374,38.108,16.304
Rae Sremmurd - Perplexing Pegasus.mp3,143.555,14.021,17.175,17.019,24.953,35.243,14.916
Rae Sremmurd - Swang.mp3,143.555,15.499,18.548,18.575,8.85,42.678,16.546
"Rae Sremmurd, Swae Lee, Slim Jxmmi - Powerglide ft. Juicy J.mp3",172.266,13.85,18.227,20.119,9.491,31.355,12.335
RAF (Official Video).mp3,135.999,15.863,20.269,19.1,2.754,45.856,16.465
Rage Against The Machine -  Freedom (Skream Remix).mp3,143.555,13.492,14.591,15.106,8.346,23.754,9.295
Ramble On - Led Zeppelin.mp3,99.384,16.074,17.518,17.284,6.654,25.762,10.846
Rich Brian - Chaos.mp3,151.999,15.233,17.379,18.589,22.053,47.217,22.654
Rich Homie Quan - Back End.mp3,143.555,15.892,20.039,19.345,13.053,40.665,14.616
Rich Homie Quan - Heart Cold.mp3,143.555,16.468,20.655,19.643,26.472,48.732,12.294
Rich The Kid 'Soak It Up' (WSHH Exclusive - Official Music Video).mp3,143.555,16.857,19.542,19.418,2.296,43.754,19.045
Rich The Kid - Bring It Back.mp3,172.266,16.914,20.256,18.887,-2.494,51.419,16.232
Rich The Kid - Dead Friends.mp3,117.454,14.391,17.644,17.17,16.51,52.561,13.331
Rich The Kid - Plug Walk.mp3,95.703,16.858,19.946,21.351,-1.267,50.098,20.204
"Rich The Kid, Famous Dex & Jay Critch 'Rich Forever Intro' (WSHH Exclusive - Official Music Video).mp3",103.359,15.01,18.957,18.574,-2.68,49.712,18.729
Rick Ross 'Idols Become Rivals' (Birdman Diss Track) (WSHH Exclusive - Official Music Video).mp3,103.359,15.015,17.815,18.489,10.374,46.655,15.36
Rick Ross - Trap Trap Trap ft. Young Thug & Wale (Official Video).mp3,135.999,14.355,16.968,16.491,6.311,37.904,14.05
Rihanna - Diamonds.mp3,92.285,15.253,18.808,19.169,-0.316,46.055,12.565
Rihanna - Stay ft. Mikky Ekko.mp3,112.347,18.063,21.476,22.122,4.645,48.569,11.707
Rihanna - Take A Bow.mp3,161.499,17.173,20.288,19.492,3.909,37.778,14.005
Rihanna - Umbrella (Orange Version) ft. JAY-Z.mp3,117.454,14.348,18.045,18.493,3.116,22.13,11.971
Rihanna - What's My Name ft. Drake.mp3,135.999,14.463,18.509,17.437,-3.838,33.044,12.216
RIN - Dior 2001 (prod. Alexis Troy).mp3,151.999,15.884,19.612,19.827,-5.969,44.087,17.242
Rita Ora - Anywhere (Official Video).mp3,107.666,15.483,19.356,18.769,2.704,31.599,13.422
Rita Ora - Let You Love Me [Official Video].mp3,129.199,15.465,19.253,19.027,7.874,41.96,14.632
Rixton - Me and My Broken Heart.mp3,172.266,14.681,18.389,18.284,6.301,30.869,13.18
Robb Himself - Tidal Wave [CHILLSTEP][DUBSTEP].mp3,135.999,17.803,22.923,20.753,7.56,56.893,11.55
Robin Schulz - Sugar (feat. Francesco Yates) (OFFICIAL MUSIC VIDEO).mp3,123.047,16.365,19.024,19.493,-5.252,42.435,17.003
ROBIN SCHULZ FEAT. ERIKA SIROLA ‚Äì SPEECHLESS (OFFICIAL VIDEO).mp3,123.047,15.892,18.985,19.07,4.424,40.074,13.953
Robin Schulz ‚Äì OK (feat. James Blunt) (Official Music Video).mp3,123.047,15.821,18.902,18.267,2.629,39.219,13.368
"Robin Thicke - Blurred Lines ft. T.I., Pharrell.mp3",117.454,15.756,18.393,17.97,9.956,38.905,13.67
robyn - call your girlfriend ( feed me remix ).mp3,143.555,14.875,17.485,18.575,1.825,40.646,15.598
Rock and Roll Led Zeppelin Lyrics.mp3,112.347,12.689,16.156,17.337,-5.669,21.944,7.525
Rossini - Factotum aria from Barber of Sevilla -Best-of Classical Music.mp3,143.555,16.666,19.71,19.439,8.19,34.685,14.826
Roy Woods - Instinct ft. MADEINTYO (Official Video).mp3,112.347,16.241,20.348,19.766,4.485,56.999,18.25
Roy Woods - Snow White (Official Video).mp3,89.103,16.445,22.157,20.868,6.239,40.364,16.315
Royksopp - Tricky Tricky (Mindflow Dubstep Remix).mp3,143.555,14.288,17.625,17.293,-5.478,34.229,16.664
RTS Triplets- Where Ya Loyalty At ft. Gucci Mane Prod. by Trauma Tone.mp3,143.555,16.184,19.793,18.814,7.493,43.194,18.966
Ruby Frost and Mt. Eden - Oh That I Had.mp3,135.999,16.943,20.18,18.959,4.014,44.296,15.364
Rudimental & Major Lazer - Let Me Live (feat. Anne-Marie & Mr Eazi) [Official Video].mp3,143.555,14.242,16.848,17.056,8.976,27.135,12.36
"Rudimental - These Days feat. Jess Glynne, Macklemore & Dan Caplen [Official Video].mp3",92.285,14.853,17.812,17.389,6.432,37.056,13.055
Rush - Limelight.mp3,129.199,14.805,17.142,17.352,8.315,27.766,10.731
rusko - hold on ( sub focus remix ).mp3,117.454,14.532,17.813,17.578,-2.51,41.375,12.763
Russ - Me You (Official Video).mp3,95.703,16.146,19.078,19.845,7.407,42.168,17.638
Ry X - Bad Love (Camo & Krooked Remix).mp3,89.103,14.742,17.335,16.994,2.828,39.094,9.385
"Sabrina Carpenter, Jonas Blue - Alien (Official Video).mp3",107.666,16.486,18.341,17.709,7.442,38.2,14.305
"Sabrina Carpenter, R3HAB - Almost Love (R3HAB Remix_Official Video).mp3",143.555,14.569,17.256,17.17,5.194,29.307,13.528
Sam Smith - I'm Not The Only One.mp3,161.499,15.137,18.838,18.174,10.963,34.82,11.129
Sam Smith - Lay Me Down.mp3,129.199,17.962,21.237,21.053,0.798,45.161,10.923
Sam Smith - Stay With Me.mp3,129.199,16.669,19.386,18.913,7.769,44.254,10.149
Schubert - Marche Militaire Nr 1 (arr P Breiner) - Best-of Classical Music.mp3,112.347,15.726,20.349,22.002,5.178,27.63,9.864
Scuba - Tense - Hotshore002.mp3,69.837,14.76,17.252,17.348,13.08,41.703,20.287
Sean Paul - Body ft. Migos.mp3,135.999,16.106,19.528,18.255,7.949,35.126,15.826
Sean Paul - No Lie ft. Dua Lipa.mp3,135.999,14.924,17.631,17.055,9.8,29.83,14.418
Selena Gomez - Back To You (Official Music Video).mp3,135.999,16.582,19.657,19.472,1.009,32.889,15.807
"Selena Gomez, Marshmello - Wolves (Official Music Video).mp3",123.047,16.122,18.465,18.913,2.344,36.964,13.75
Shakira - Can't Remember to Forget You (Official Music Video) ft. Rihanna.mp3,135.999,15.662,18.807,18.649,2.686,25.951,14.031
Shakira - Hips Don't Lie (Official Music Video) ft. Wyclef Jean.mp3,99.384,15.575,18.402,17.568,-0.429,27.51,11.934
Shakira - La Tortura (Official Music Video) ft. Alejandro Sanz.mp3,135.999,15.218,17.582,17.095,8.751,30.122,14.264
Shakira - Try Everything (From 'Zootopia') (Official Music Video).mp3,117.454,15.352,19.299,18.819,-1.754,25.926,15.316
Shawn Mendes - In My Blood.mp3,143.555,15.874,19.198,18.459,11.349,38.517,11.968
Shawn Mendes - Mercy.mp3,143.555,15.2,17.29,17.049,10.249,42.232,14.703
Shawn Mendes - Stitches (Official Video).mp3,151.999,15.638,18.062,17.298,14.856,32.174,13.551
Shawn Mendes - Treat You Better.mp3,112.347,14.607,17.371,16.213,8.513,44.556,12.397
"Shawn Mendes, Zedd - Lost In Japan (Remix).mp3",107.666,15.086,17.593,17.484,6.579,40.781,12.56
Shelter Boy - Half Asleep (Official Musicvideo).mp3,151.999,15.208,18.998,18.104,5.704,36.342,12.824
Shy FX - Badboy Business (ft. Kate Stewart & Mr. Williamz).mp3,117.454,14.228,17.985,18.078,0.536,35.457,14.655
Shy FX - Call Me (ft. Maverick Sabre).mp3,117.454,15.399,18.908,18.78,0.191,33.961,12.64
Shy Glizzy 'Congratulations' (WSHH Exclusive - Official Music Video).mp3,143.555,14.871,18.424,18.391,-1.35,39.566,14.673
SHY Martin - Forget To Forget (Official Video).mp3,112.347,16.802,18.485,16.826,13.144,40.049,18.007
Sia - Breathe Me (Widdler Remix).mp3,143.555,16.603,19.484,19.12,-0.672,51.477,18.373
Sia - Chandelier (Official Video).mp3,117.454,15.693,18.755,18.891,5.824,25.63,17.364
Sia - Cheap Thrills (Lyric Video) ft. Sean Paul.mp3,89.103,15.924,18.965,17.981,4.171,39.539,22.533
Sia - Elastic Heart feat. Shia LaBeouf & Maddie Ziegler (Official Video).mp3,129.199,13.128,17.128,17.77,8.744,27.431,10.589
Sia - The Greatest.mp3,129.199,20.077,20.54,16.968,14.18,32.756,16.048
SICK DUBSTEP BEAT!!! (BLUE STRATEGY)  2B3 productions  (2009).mp3,135.999,14.547,16.336,16.512,4.489,28.122,14.531
Sido - Tausend Tattoos (prod. by Djorkaeff & Beatzarre).mp3,92.285,15.985,18.087,18.163,2.634,44.934,12.034
"Sigala, Ella Eyre - Came Here for Love.mp3",123.047,15.175,17.852,18.086,6.761,33.511,13.444
"Sigala, Ella Eyre, Meghan Trainor - Just Got Paid ft. French Montana.mp3",117.454,14.905,18.367,18.791,6.065,31.041,14.141
"Sigala, Fuse ODG, Sean Paul - Feels Like Home (Lyric Video) ft. Kent Jones.mp3",123.047,14.927,18.47,17.983,3.441,25.885,12.103
"Sigala, Paloma Faith - Lullaby.mp3",117.454,15.716,18.486,18.491,4.554,40.534,15.317
"Sigala, The Vamps - We Don't Care (Lyric Video).mp3",117.454,15.546,18.613,18.29,7.433,36.716,16.023
Sigur Ros - S√¶gl√≥pur ENIGMA Remix (High Quality).mp3,135.999,17.919,21.367,20.676,4.6,40.525,21.136
"Silk City, Dua Lipa - Electricity (Official Video) ft. Diplo, Mark Ronson.mp3",117.454,15.23,18.966,18.245,6.273,34.352,13.884
Simage - A Consuming Fire.mp3,86.133,16.219,19.512,17.918,11.531,48.824,10.344
Simon Field Wildfire ft Andreya Triana.mp3,123.047,15.011,16.884,16.895,2.909,30.343,11.967
Simple Man - Lynyrd Skynyrd HQ.mp3,123.047,15.689,18.229,17.61,11.582,40.246,8.654
Siobhan Day - Advice (Thotbott remix).mp3,117.454,17.473,22.119,24.468,3.219,37.516,15.626
Skinny Genes -  Eliza Doolittle (Slugz & Joe London Remix).mp3,143.555,16.349,17.825,17.022,1.815,39.36,19.626
Skream - Midnight Request Line.mp3,135.999,18.206,21.979,19.705,9.685,52.009,16.537
skrillex - all i ask of you (glitchdick remix).mp3,135.999,14.564,16.948,17.854,-10.989,32.897,15.044
skrillex - reptile theme.mp3,112.347,12.845,14.358,15.364,10.609,20.908,9.642
skrillex - scary monsters and nice sprites.mp3,143.555,15.363,17.507,17.474,5.477,34.806,12.149
skylar grey - im coming home ( arion dubstep remix ).mp3,135.999,14.3,16.293,16.471,4.638,38.409,9.878
Slow Ride- Foghat (Full Version).mp3,112.347,14.924,17.0,17.259,-6.254,24.876,9.496
SOB X RBE - Intro (Gangin) _ Official Video from GANGIN II.mp3,95.703,17.006,19.282,17.818,3.914,41.799,17.865
Social Misfits - Velvet Rooms.mp3,86.133,14.003,16.766,19.376,-0.07,29.64,8.733
"Sofia Reyes - 1, 2, 3 (feat. Jason Derulo & De La Ghetto) [Official Video].mp3",95.703,16.14,18.624,17.888,0.782,33.248,16.719
Soldier On (Rusko Remix).mp3,143.555,15.428,19.039,19.063,4.233,37.643,18.108
Soul Captive - Fantasy.mp3,92.285,18.528,21.181,22.539,26.181,50.523,19.36
SpectraSoul - Burst (ft. Dan Moss) (Calibre Remix).mp3,86.133,16.359,19.042,18.461,1.466,44.828,10.78
Spor - Pull The Sun Down (ft. Linguistics).mp3,86.133,14.002,15.419,14.662,6.837,42.653,13.041
Starley - Call On Me (Ryan Riback Remix).mp3,103.359,17.122,20.134,17.527,8.057,30.745,14.833
stephen jerzak ft. leighton meester - she said ( killabits remix ).mp3,143.555,15.084,17.848,17.617,-11.137,31.134,17.921
Steppenwolf - Born To Be Wild.mp3,143.555,14.969,17.063,17.293,3.52,26.984,8.862
Steppenwolf - Magic Carpet Ride 1968 HQ.mp3,112.347,14.561,17.313,16.698,5.974,28.06,12.715
Steve Aoki - Waste It On Me feat. BTS (Official Video) [Ultra Music].mp3,129.199,16.349,18.296,17.01,9.323,37.453,14.655
Steve Aoki x Lauren Jauregui - All Night (Official Video) [Ultra Music].mp3,117.454,15.392,18.283,17.934,4.219,33.435,17.413
Steve Miller Band-Fly Like An Eagle.mp3,99.384,15.466,17.501,18.268,-4.093,39.928,14.142
Stevie Nicks - Edge of Seventeen.mp3,112.347,14.408,18.045,17.349,-5.356,23.085,10.694
STORMZY - COLD.mp3,135.999,13.88,16.888,16.819,-3.322,29.42,17.393
Sultans of Swing (with lyrics).mp3,99.384,15.745,17.921,18.334,8.215,26.595,8.395
Sunset Dubs - chillout music (with DL).mp3,143.555,18.342,20.295,19.32,-10.172,46.221,13.007
Sweet Emotion by Aerosmith w_ Lyrics.mp3,99.384,14.618,16.734,17.475,1.059,28.598,8.248
Sweet Home Alabama Lynyrd Skynyrd.mp3,99.384,15.813,19.176,19.385,-4.523,31.962,9.599
T-Pain - 'Turn Around' (Official Audio).mp3,95.703,16.709,19.753,19.132,1.986,35.81,14.493
"T.I. - The Weekend ft. Young Thug, Swizz Beatz.mp3",112.347,14.727,18.077,16.768,8.69,41.935,13.816
Talk To Ya - HRVY _ Flighthouse Lyric Video.mp3,117.454,15.185,18.514,18.377,4.187,42.714,12.861
Tantrum Desire - Vybez.mp3,172.266,14.644,16.436,15.067,3.419,54.843,14.79
Tayla Parx - Slow Dancing (Official Video).mp3,135.999,15.665,20.576,21.031,-7.519,40.849,17.899
Taylor Swift - Bad Blood ft. Kendrick Lamar.mp3,112.347,13.919,16.779,17.396,5.251,34.49,13.559
Taylor Swift - Blank Space.mp3,95.703,15.144,18.711,19.282,-4.429,38.02,17.601
Taylor Swift - Delicate.mp3,95.703,15.686,18.568,17.407,9.645,41.84,18.913
Taylor Swift - Shake It Off.mp3,161.499,14.257,16.87,16.704,3.206,33.423,15.12
Taylor Swift - Wildest Dreams.mp3,135.999,14.629,18.641,18.899,9.604,43.691,12.684
Taylor Swift - You Belong With Me.mp3,129.199,16.545,19.765,20.168,3.501,31.655,11.815
"Tchaikovsky - Piano Concerto No 1, B Flat Minor, Op 23 open - Best-of Classical Music.mp3",123.047,16.41,20.229,20.753,-6.969,40.58,8.45
Tee Grizzley 'Second Day Out' (WSHH Exclusive - Official Music Video).mp3,135.999,16.55,19.891,19.865,16.043,41.543,22.169
The 1975 - Love It If We Made It (Official Video).mp3,89.103,15.133,18.079,18.815,3.417,33.158,16.138
the band perry   if i die young  arion vs optimus prime dubstep.mp3,135.999,14.437,16.737,16.976,-5.15,32.533,12.671
"The Band, The Weight.mp3",151.999,15.531,19.115,19.514,5.932,28.974,12.752
The Beatles - Hey Jude.mp3,143.555,16.139,18.288,18.004,4.622,35.217,8.785
the cataracs - bass down low ( proper villains remix ).mp3,143.555,14.075,17.863,17.776,-6.265,33.326,18.047
The Chainsmokers & Coldplay - Something Just Like This (Lyric).mp3,103.359,15.247,18.649,18.432,0.413,36.132,10.326
The Chainsmokers - All We Know ft. Phoebe Ryan (Official Music Video).mp3,89.103,15.649,18.063,17.641,4.832,35.818,10.802
The Chainsmokers - Beach House.mp3,89.103,16.479,19.828,18.818,3.586,39.974,13.245
The Chainsmokers - Closer ft. Halsey (Official Lyric Video).mp3,95.703,15.218,19.167,17.86,2.975,49.156,13.288
The Chainsmokers - Don't Let Me Down ft. Daya (Official Music Video).mp3,107.666,15.663,19.131,19.267,5.17,40.71,20.462
The Chainsmokers - Paris (Official Music Video).mp3,99.384,15.258,18.449,18.437,11.381,39.234,14.574
The Chainsmokers - Sick Boy (Official Music Video).mp3,89.103,16.379,18.529,17.971,5.217,37.985,12.643
The Chainsmokers - Side Effects ft. Emily Warren (Official Music Video).mp3,112.347,14.258,18.238,17.904,11.112,35.427,16.302
The Chainsmokers - This Feeling (Official Video) ft. Kelsea Ballerini.mp3,103.359,14.984,19.233,19.221,7.475,32.74,14.843
The Guess Who - Share The Land-rLQJ4toj-JY.mp3,112.347,15.19,18.465,17.649,-23.899,23.476,9.127
The Guess Who - Share The Land.mp3,112.347,15.237,18.522,17.708,-23.927,23.54,9.109
The Jimi Hendrix Experience - All Along The Watchtower (Official Audio).mp3,117.454,15.234,18.235,17.904,15.723,26.102,9.309
The Kemist - Body Can't Lie ft. Nyanda.mp3,123.047,15.848,19.048,18.415,4.908,36.348,14.741
The Kinks - Lola (Official Audio).mp3,151.999,14.588,17.347,17.161,-8.066,26.319,8.036
The Mamas & the Papas - California Dreamin'.mp3,112.347,14.486,19.004,18.855,-8.426,24.92,8.327
The Police - Roxanne.mp3,135.999,13.848,17.462,19.591,7.66,32.376,10.107
The Prodigy - Need Some1 (Friction Remix).mp3,117.454,15.207,15.393,14.965,2.699,18.88,11.183
The Prototypes & TC - Species.mp3,117.454,14.634,16.054,16.282,3.052,44.168,12.69
The Pussycat Dolls - Buttons ft. Snoop Dogg.mp3,107.666,14.021,17.727,17.062,7.126,34.546,12.625
The Rolling Stones - (I Can't Get No) Satisfaction (Official Lyric Video).mp3,135.999,13.586,17.139,16.771,4.087,29.204,8.072
The Script - The Man Who Can‚Äôt Be Moved (Official Video).mp3,99.384,18.415,20.59,20.52,12.397,30.678,13.689
the streets - blinded by the lights ( nero dubstep remix ).mp3,92.285,12.485,14.448,14.551,8.47,22.05,8.297
The Upbeats & Rockwell - Gamma Ray.mp3,172.266,13.526,15.094,16.077,13.869,48.479,13.015
"The Vamps, Martin Jensen - Middle Of The Night (Official Video).mp3",129.199,14.643,17.422,17.746,11.759,44.63,11.396
The Veronicas - On Your Side (Written & Directed by Ruby Rose).mp3,99.384,15.607,17.909,18.33,7.82,56.542,17.053
the white panda - infinite dream.mp3,129.199,14.113,18.818,19.933,4.63,34.58,17.25
The Who - Baba O'riley.mp3,117.454,16.325,19.415,20.867,-14.518,26.695,14.12
The Who - Won't Get Fooled Again.mp3,135.999,14.721,17.401,19.394,-4.65,35.832,10.706
The Widdler - It's a Fine Day (bootleg).mp3,112.347,18.245,20.961,21.431,-12.546,35.645,15.035
The XX - Intro (Jelacee Dubstep Remix).mp3,135.999,14.477,18.86,19.715,7.756,48.439,11.127
thin lizzy - whiskey in the jar.mp3,129.199,15.446,19.62,19.097,-5.351,30.642,10.25
Timbaland - Apologize ft. OneRepublic.mp3,117.454,15.79,19.834,19.565,10.401,43.06,10.732
Tinie Tempah - Something Special.mp3,143.555,14.19,16.506,16.422,1.222,40.241,20.002
TLC - No Scrubs.mp3,92.285,16.537,18.314,18.62,2.689,34.725,13.255
TM88 - 'Order' feat. Southside and Gunna.mp3,135.999,15.689,22.504,18.567,11.637,41.482,20.692
Tokyo Prose - Lift You Up (ft. Steo).mp3,86.133,15.809,19.232,18.864,-6.641,36.855,14.765
Tom Odell - Another Love.mp3,123.047,16.598,20.185,20.149,-0.197,38.442,14.228
tom sawyer lyrics.mp3,117.454,14.893,17.018,17.258,-0.24,26.3,8.794
Tory Lanez (feat. A$AP Ferg) - Bal Harbour (Official Music Video).mp3,143.555,15.015,19.386,19.199,2.728,41.89,13.942
Tory Lanez - Anyway (Official Video).mp3,135.999,13.882,19.903,19.063,2.608,23.603,11.843
Tory Lanez - DopeMan Go (Official Video).mp3,135.999,13.885,18.153,19.026,8.486,41.02,11.458
Travie McCoy - Billionaire ft. Bruno Mars [OFFICIAL VIDEO].mp3,172.266,15.467,19.51,18.81,-0.106,31.015,16.095
Travis Scott - Birds in the Trap.mp3,117.454,14.571,18.218,18.404,4.019,49.402,17.876
Travis Scott - SICKO MODE ft. Drake.mp3,151.999,15.263,18.171,18.55,9.205,55.754,15.599
Travis Scott - STOP TRYING TO BE GOD.mp3,151.999,15.831,19.309,19.05,8.261,40.067,12.988
Trouble - Coldplay ( H¬≥¬≤¬∫ Dubstep Remix ).mp3,143.555,17.639,19.622,18.101,6.756,43.429,14.183
Troye Sivan - Dance To This ft. Ariana Grande.mp3,117.454,14.429,17.309,16.613,14.328,31.282,14.49
TS7 - Motion Shift (Annix Remix).mp3,172.266,15.659,15.988,15.491,3.067,43.023,15.992
Tuesday's Gone - Lynyrd Skynyrd with Lyrics.mp3,151.999,16.113,19.32,19.396,7.172,27.952,7.984
twenty one pilots - Heathens (from Suicide Squad - The Album) [OFFICIAL VIDEO].mp3,89.103,15.698,17.922,17.866,6.059,41.81,16.355
Ty Dolla $ign & Wiz Khalifa - Brand New [Official Video].mp3,112.347,16.339,19.313,18.44,2.198,48.293,16.636
UKF Drum & Bass 2017 (Album Mix).mp3,117.454,14.441,16.873,16.783,4.593,36.371,12.036
ukf dubstep tutorial ( dubba johnny ).mp3,143.555,13.417,16.098,16.72,5.109,41.611,14.092
Uncle Murda x Young M.A. 'Thot' (WSHH Exclusive - Official Music Video).mp3,95.703,15.729,19.398,18.844,1.901,38.941,12.773
Van Halen- Runnin' with the devil.mp3,95.703,13.896,18.138,18.219,-7.543,26.75,10.492
Van Morrison - Brown Eyed Girl (Original Version)-kqXSBe-qMGo.mp3,151.999,15.023,17.889,18.512,10.181,27.705,10.007
Van Morrison - Brown Eyed Girl (Original Version).mp3,151.999,15.108,17.903,18.751,10.029,27.793,9.967
Vance Joy - 'Riptide' Official Video.mp3,135.999,15.915,19.778,18.596,4.577,32.774,11.613
"VAVO, Caroline Kole - Right Now (Official Lyric Video).mp3",123.047,16.398,18.087,17.728,5.158,41.054,16.939
Vice & Jason Derulo ‚Äì Make Up (feat. Ava Max) [Official Music Video].mp3,123.047,15.253,18.784,18.598,4.365,39.035,16.039
Villem & McLeod - Let It Breathe (ft. Leo Wood).mp3,86.133,15.314,18.596,20.073,-0.445,44.304,20.784
Vorso - Crisis.mp3,172.266,15.688,16.821,16.542,3.05,42.219,16.221
Wale - Running Back (feat. Lil Wayne) [OFFICIAL MUSIC VIDEO].mp3,129.199,16.34,19.399,17.727,5.378,38.29,13.969
Wayfaring Stranger by Jamie Woon (Burial Remix).mp3,95.703,14.561,17.207,18.394,-5.689,45.069,13.154
we own the sky - udachi dubstep remix.mp3,135.999,13.188,15.71,15.979,5.193,33.916,10.62
We The Kings - Sad Song (Lyric Video) ft. Elena Coats.mp3,172.266,16.747,21.073,20.439,-1.471,32.118,13.613
"Westside Cast ‚Äì Vibe (feat. Taz Zavala, Leo Gallo & Arika Gluck) [Official HD Video ] _ Netflix.mp3",117.454,15.204,18.056,18.101,-2.849,31.148,14.586
Westside Cast ‚Äì We Are the Ones [Official HD Video] _ Netflix.mp3,123.047,15.577,17.975,18.5,-1.409,26.078,14.77
What So Not & LPX - Better (ShockOne Remix).mp3,117.454,15.219,17.809,17.309,5.948,31.944,15.734
Where'd You Go - Fort Minor (Murdok Dubstep Remix).mp3,151.999,17.558,19.164,19.962,0.894,44.732,12.632
Wilkinson & Dimension - Rush.mp3,117.454,14.972,17.151,16.363,2.466,51.231,8.52
Wilkinson & Sub Focus - Take It Up.mp3,117.454,14.385,17.515,16.066,-1.839,35.271,12.289
Wilkinson - Decompression.mp3,117.454,15.025,18.75,16.781,12.697,43.879,9.48
Wiz Khalifa - Hopeless Romantic feat. Swae Lee [Official Music Video].mp3,129.199,15.833,19.242,19.058,9.69,48.745,14.597
Wiz Khalifa - Pull Up With A Zip (Wiz Khalifa Remix).mp3,107.666,15.002,19.64,19.951,5.394,37.886,16.112
Wiz Khalifa - Rolling Papers 2 [Official Music Video].mp3,86.133,13.671,17.438,17.308,3.722,38.803,14.01
Wiz Khalifa - See You Again ft. Charlie Puth [Official Video] Furious 7 Soundtrack.mp3,161.499,16.288,20.552,19.141,0.822,41.657,14.537
Wooden Peak - Stitch (Official Video).mp3,86.133,17.436,18.689,18.516,21.373,51.378,13.686
X Ambassadors - Renegades (Lyric Video).mp3,89.103,15.213,18.23,17.784,5.73,31.066,11.604
XUITCASECITY - Die Young (Official Music Video).mp3,103.359,14.442,17.144,17.011,11.342,44.273,14.418
XXXTENTACION & Lil Pump ft. Maluma & Swae Lee  - 'Arms Around You' (Official Music Video).mp3,103.359,16.296,18.664,19.165,9.174,42.037,12.301
Yella Beezy - 'That's On Me' Remix (Official Video).mp3,129.199,16.468,19.131,18.496,2.117,38.314,18.496
Yellow Claw - Waiting Feat. Rochelle [OFFICIAL MUSIC VIDEO].mp3,161.499,15.533,17.901,18.204,3.522,44.403,10.203
Yeoku - Chillstep.mp3,117.454,16.611,18.205,17.968,22.1,33.277,14.795
YFN Lucci - Everyday We Lit (Official Video) ft. PnB Rock.mp3,151.999,15.874,19.329,18.389,4.955,41.325,16.57
"YG - Pop It, Shake It ft. DJ Mustard.mp3",99.384,14.512,18.814,16.795,9.401,29.898,13.355
Yo Gotti - Lifestyle ft. LunchMoney Lewis.mp3,151.999,15.0,20.106,20.396,7.78,51.842,16.094
Young Dolph '100 Shots' (WSHH Exclusive - Official Music Video).mp3,135.999,14.56,21.574,19.513,-11.615,43.939,19.194
Young Dolph 'Gelato' (Yo Gotti Diss) (WSHH Exclusive - Official Music Video).mp3,135.999,15.087,17.966,18.031,-0.35,43.237,18.362
Young Dolph - Baller Alert (Official Video).mp3,143.555,15.003,18.574,17.926,11.792,45.754,13.938
Young M.A - 'Hot Sauce' (Official Video).mp3,86.133,15.856,18.741,16.762,-1.487,35.402,14.041
YoungBoy Never Broke Again - Astronaut Kid (Official Video).mp3,151.999,14.352,18.932,19.143,7.246,36.04,14.743
YoungBoy Never Broke Again - Outside Today (Official Video).mp3,135.999,15.592,20.625,19.372,8.012,37.732,16.296
YoungBoy Never Broke Again - We Poppin (feat. Birdman) [Official Video].mp3,151.999,14.903,19.735,19.771,5.924,36.941,16.044
Youngman - Special (Prod. by Drumsound & Bassline Smith).mp3,86.133,15.286,17.387,17.578,8.452,41.596,11.071
Zara Larsson - Ain't My Fault (Official Music Video).mp3,143.555,14.676,18.077,18.29,1.892,33.226,14.329
Zara Larsson - I Would Like (Lyric Video).mp3,123.047,16.634,20.268,20.494,1.422,30.872,16.14
Zara Larsson - Lush Life (Official Music Video).mp3,99.384,16.325,19.699,17.562,7.517,32.752,16.376
ZAYN - PILLOWTALK.mp3,123.047,15.447,19.191,18.955,8.035,40.479,10.455
"ZAYN, Taylor Swift - I Don‚Äôt Wanna Live Forever (Fifty Shades Darker).mp3",117.454,15.005,18.58,18.687,11.76,33.664,12.58
"Zedd, Alessia Cara - Stay (Official Music Video).mp3",103.359,15.622,18.725,18.672,8.237,39.191,14.817
"Zedd, Maren Morris, Grey - The Middle (Official Music Video).mp3",107.666,14.998,18.992,20.021,-2.561,32.717,14.354
Zeds Dead & Jauz - Lights Go Down.mp3,172.266,16.525,19.191,18.779,9.329,44.403,11.981
zombie nation - kernkraft 400 ( raspian remix ).mp3,143.555,13.572,15.952,16.353,3.455,37.766,9.812
zomby - test me for a reason.mp3,92.285,17.417,20.255,18.065,-0.504,28.516,6.33
ZZ Top Sharp Dressed Man.mp3,123.047,14.435,17.58,16.685,3.653,20.52,9.665
